РЕЕСТР ЗАРЕГИСТРИРОВАННЫХ ГОРОДОВ СП5 (ВЕДЁТСЯ МИНИСТЕРСТВОМ ЮСТИЦИИ),,,,,,,,,
ОБЩАЯ ХАРАКТЕРИСТИКА,,,КООРДИНАТЫ,,,,,РЕГИСТРАЦИЯ ТЕРРИТОРИИ,
,,,Верхний мир,,,Нижний мир,,,
Название,Описание,Владелец,X,Z,Радиус,X,Z,Дата,На карте
Юндон,"Наш город - это город исконно корейской тематики, мы являемся центром культуры и науки. Наш город построен в прекрасном и незабываемом стиле, а жители - самые трудолюбивые и почтительные.",KairZZZ,-10400,1600,1000,-1299,200,03.06.2022,ИСТИНА
RedLand,"Город, построенный из редстоуна и тёмных блоков, скрывающий силу механизмов. ",Defer02,2700,1250,1500,340,154,03.06.2022,ИСТИНА
Ranzer,Древний затеряный город,Eestilane,-2665,5213,2000,-344,641,03.06.2022,ИСТИНА
ОКО,"Город рп организации. Делится на две части: надземная (здание склада, переговоров, столовая и т.д.) и подземная часть - это научный бункер (и фермы).",PRIMUS__,-6740,6555,1000,-842,824,03.06.2022,ИСТИНА
ЛайтГраунд (Опечатано ФБР),"Испанский город, основаный на месте бывшего родника. на данный момент город терраформирован и фосстановлен и готов для проживания ",5opka,-8427,1884,1000,-1078,231,04.06.2022,ИСТИНА
МЕРЗЕРИЯ,ААААААААААААААА,Mer3er,-7800,7900,300,-966,977,04.06.2022,ИСТИНА
Ария,Прекрасный город с двумя районами. Первый - в стиле деревушки и второй в стиле кибер-панка,Zhenyaa,-6230,860,1000,-777,104,03.06.2022,ИСТИНА
Коняра,Маленький город с крутыми конями,Pauchek,1286,13488,,160,1674,,ИСТИНА
Сейрейтей,,woonreyz,-3551,-6766,1500,-447,-847,05.06.2022,ИСТИНА
Пацифика,"Мир, дружба, жвачка",Major4ik_,-5100,10226,1000,-627,1245,13.06.2022,ИСТИНА
spworlds,Город разрабов сайта,uuuuuno,-355,1724,1000,-50,222,03.06.2022,ИСТИНА
KingSiti,"Современый и дружный город, приходите отдыхайте, покупайте!",gnomuc,2641,-7423,,5,-926,,ИСТИНА
РавликСити,"Город, где проживают самые красивые, талантливые и харизматичные  улиточки СП. В нашей стране СПVoice все жители получили безграничную власть, все позабыли про дружбу, и началась страшная война. Страна развалилась и превратилась в руины, столица опустела, в живых остались лишь 2 игрока. Мы долго блуждали в поисках мира и нового дома, и наконец у нас получилось... Мы забрели в Страну Подписчиков. Теперь мы полны сил и готовы восстановить. былое величие падшей столицы РавликСити.",cyxap1k,-2383,3191,1000,-300,400,07.06.2022,ИСТИНА
Королевство Эдем,Город красоты и рыцарских дуэлей,_kirl,6000,-2000,2000,750,-2000,08.06.2022,ЛОЖЬ
Утгард,"Прекрасное место, где вы можете отдохнуть и развлечься У нас в городе присутствует ледяная и ПВП арена, стрельба из лука и т.п Так же выставка артов, рыб и животных Мы рады всем! Вступай в город!",TheGordeyGo,2900,-12000,1000,375,-1500,12.06.2022,ИСТИНА
Город Мёртвых,"Город душ, пришедших к нам после смерти, блуждающие по этим краям",lGuestll666l,-2156,-6508,,-269,-807,,ИСТИНА
DevineCity,,MCmaks32_,-1500,500,1000,-200,63,05.06.2022,ИСТИНА
Кайо-Перико,Город мечты,DarlingCZ,4386,6532,500,557,821,04.06.2022,ИСТИНА
Коти Доми,Город кошачих домиков из ирл,AndreykaBurka,-4050,970,2000,-514,135,04.06.2022,ИСТИНА
ТипоЯма,Город стимпанк магма панк ,Kriken_,-1301,242,,-150,29,04.06.2022,ИСТИНА
Daskcity,Город в стиле Англия 19 века.,zak144,-10128,4931,1000,-1266,616,03.06.2022,ИСТИНА
TwinTowers  City,Город выполнен в уникальной стилистике вертикальной жилой площади. Одной из главных целей города - постройка одного из самых высоких зданий на сервере. Так же в городе сочетются множество стилистик от современного модерна до ванильного майнкрафта.,vitolka,-12870,-3680,2000,-1601,-460,,ИСТИНА
Монтана,"РП город в стилистике вестерн-стимпанк, где вы сможете найти друзей, придумать собственную РП историю и получить профессию!",MedzalPlay,-10500,13500,1000,-1300,1600,05.06.2022,ИСТИНА
Глициния,"РП город в античном стиле, где обитают различные существа в мире и гармонии.",BORIS_DENIS,-11020,13020,1000,-1375,1615,14.06.2022,ИСТИНА
IdoFront,"Город из аниме ""Made in Abyss"".",_The_Lich_,-1609,-12542,500,-192,-1561,03.06.2022,ИСТИНА
Реверан Зеро,"РЗеро, это край чудес, зашел туда и там изчез.",SinyorBlin,-9000,0,2000,-1030,150,03.06.2022,ИСТИНА
Химэдзи,"Город в Японском стиле, частино позаимственный из видео игры. Союз с Ревераном",Ab1e,5200,-10700,500,666,-1320,14.06.2022,ИСТИНА
Неополис,Город в стилистике киберпанк ,miteks,2250,1350,1200,264,264,03.06.2022,ИСТИНА
"Соединённые Штаты
Винчайсона",Союз ближайших городов вместе с Ямой Винчайсона ,Winchayson,1000,-5000,2000,125,-625,14.06.2022,ИСТИНА
Тайосити,Тайосити это современный город со множеством стилей и видов активностей которыми можно заняться.,legoAntipin,-11200,-1700,2000,-1400,-166,14.06.2022,ИСТИНА
Moment City,"Город курорт, В котором есть рестораны, памятники, казино и телестудия телеканала Барьер. Состоит в ОСД (Организация Северного Договора)",DroPlay20,11300,-8300,1500,1427,-1034,05.06.2022,ИСТИНА
convulse,"город молодых парней с хорошим будущем. У всех есть арканы в доте. Суп говядина, пюре баранина",convulsive_m3ta,10832,-4740,1708,1375,-600,03.06.2022,ИСТИНА
Подсос сити,"Крутой город, расположенный на границе мира, так что увеличится в два раза после её расширения. Город стоит на нескольких красивых биомах.","GlakNotFound, Qfict, pepeD15km",13200,-9370,1500,1650,-1177,15.06.2022,ЛОЖЬ
Судьба,Город на краю мира.,UlvenSynd,-3160,-12200,1000,-400,-1520,03.06.2022,ИСТИНА
Flewland,"Город, расположенный на полях и лугах рядом с горными вершинами. Рядом есть заповедник ледяных пик и океан с айсбергами. Под массивными горными хребтами располагаются карстовые пещеры и огромные полости.Главная достопримечательность города в данный момент засекречена.",_For_Tex_,-6000,13250,1500,-875,1675,04.06.2022,ИСТИНА
Инвиктус,Город в современной тематике с крупным бизнес центром и различными интересными районами ,IDC_IDontCare,5632,1615,2000,697,205,04.06.2022,ИСТИНА
Вэстленд,Город для настоящих ковбоев,Satyuilo,5600,8800,1500,700,1117,05.06.2022,ЛОЖЬ
DOORка,,FiRaMiR_TV,-11800,-528,1000,-1475,-66,,ИСТИНА
Эщкерия,эщкере пасхалко медни бичок,1quartix1,500,8000,2000,-8,942,16.06.2022,ИСТИНА
WANDERLAND,"Город в стиле современной Италии, с её маленькими улочками и разноцветными домами. Город будет поделён на районы с разными стилями. ",AHEGAODIE,-5077,13481,2000,-647,1675,,ИСТИНА
Коноха,"Коноха скрытый город страны подписчиков. Как город одной из великих стран Пятёрки, он имеет Каге в качестве своего лидера, известного как Хокаге, которых за всю историю было двое.",Justry_1,-8545,8606,1000,-1089,862,,ИСТИНА
Город Друзей,"Город друзей,ну крч нормально.",Myxodoika,0,-13000,500,5,-1625,04.06.2022,ИСТИНА
Акина,"Город в европейском современном стиле с элементами пиратской тематики, отссылок, и исторических построек по его лору.",SeleKonChik,-3650,9560,2000,-452,1213,05.06.2022,ИСТИНА
Бравинг,"Город возможностей, экономического процветания в стиле стимпанк островов.",Calm_49,3000,-4775,1000,376,-595,03.06.2022,ИСТИНА
Винный городок,"Винный городок, столица виноделья. Являемся частью BarettWineCompany",Bliss_Orendeel,-2000,8000,1000,-245,1000,03.06.2022,ИСТИНА
Гробница,"Город, где великие люди и существа восстают из мёртвых",DruZheluB,-5400,-182,450,-678,-10,04.06.2022,ИСТИНА
Леввей, Классный город. Самый интересный и самый крутой,nyvka,2852,10482,1500,363,1305,11.06.2022,ИСТИНА
Пандемониум,"Столица Таджикистана, ад на земле",ARYARYASHKA,5852,2150,1800,710,290,03.06.2022,ИСТИНА
CUBATONITY,"Город под куполом с разными секторами, в каждом из которых своя концепция и стиль строительства",_DeadRick_,4705,1752,800,588,226,19.06.2022,ИСТИНА
Стронхолдград,Средневеково - футуристичный город. (портал будет перемещён позже)  ,Dimak_Lapkin,-3251,3241,555,-426,395,15.06.2022,ИСТИНА
Деревня финов,Приятный уголок для общения,ilsamen,250,2400,500,31,311,03.06.2022,ИСТИНА
Дрочланд,Тихий городок разделённый на районы и объединяющий в себе различные стилистики. Город окружён тайгой и ледниками. Состоит в ОСД (Организация Северного Договора).,dyrachito (ФБР),-7300,9500,1000,-914,1187,19.06.2022,ИСТИНА
Revers,"город лютых, жестких рпшеров, антитоксиков, не токсиков",HaleRevers,815,-9313,1500,101,1164,07.06.2022,ЛОЖЬ
GoTUM,Подземный турестический город.,psina_sytylaya,-37,6203,1000,9,762,19.06.2022,ИСТИНА
Остров Афины,"""Остров Афины"" или же Форт Пиратов, место где вы сможете отдохнуть от долгих путешествий посетив таверну, а также времено поселиться в одной из вилл форта.",TENAR52,-3972,2004,200,-489,241,19.06.2022,ИСТИНА
Цитадель Риков,"Многих Риков и их Морти подсосало в эту странную квадратную вселенную под номером SP-5, без возможности покинуть её. Они отстроили цитадель, которая станет для них пристанищем.",_Potell_,5302,127,400,645,6,19.06.2022,ИСТИНА
Клопенбург,Великий город!,Bizonchik,1400,-4280,1000,184,-534,03.06.2022,ИСТИНА
Verona Citt?,Итальянский город у моря,Radiograf,3500,200,1500,430,30,03.06.2022,ИСТИНА
N-grad,,toshun_iz_NGRADA,-5140,-9666,1300,-630,-1215,04.06.2022,ИСТИНА
Виа Венето,Город в итальянском стиле,yapidoor,12000,-1000,1000,1500,-100,20.06.2022,ИСТИНА
Посо-Сити,Город великого комедианта сервера под именем Боб!,Galina_Sova,-12339,-8787,2000,-1550,-1100,20.06.2022,ИСТИНА
Бильсомеда,,Screvans,-2814,5991,250,-349,745,19.06.2022,ИСТИНА
Парадисо,"Парадисо, город-оазис находящийся в пустыне, имеющий свое расслоение по классам общества. Набор в город открыт, писать Gigachaduss (Фил#6154)",Gigachaduss,-13420,-1327,1500,-1678,-163,20.06.2022,ИСТИНА
ТорЛанд,"Красивый РП город,поделён на районы, у каждого из них свой потрясающий стиль",Gagosha,-1000,6500,1000,-130,815,20.06.2022,ИСТИНА
К.О.Т.,"город каменных джунглей и зданий в питерском стиле. Равность каждого жителя, бартерная система и теплое обращение с другими, то что отличает нас от других.",JesusWeltraum,13500,-13500,1000,1687,-1687,08.06.2022,ИСТИНА
Инадзума,Большой промышленный город,Yukipeek,-35,11375,2000,-5,1440,21.06.2022,ИСТИНА
Блюбёрд,Деревня Культистов ,Arklion,3880,7600,900,485,950,03.06.2022,ИСТИНА
Рыбоград,Прекрасный город построенный рыбами из рыб для рыб.,palezator,-3112,-9656,500,-389,-1207,,ИСТИНА
Кириешинск,"Тихий городок, на окраине штата СП. Находится в красивом еловом биоме, рады новым жителям.",cblpHik,-4000,-12500,500,-541,-1571,,ИСТИНА
Цитадель Риков,"Магический город, связанный с различными мировыми эпохами.",Kekezmekez,4067,-5000,,553,-700,03.06.2022,ИСТИНА
Dickистан,Город для новичков и не только. Уже сейчас здесь строится неповторимый Big Ben (aka. Big Dick). Приглашаю вас в город викторианской эпохи.,MrWilfis,4400,-350,500,550,-44,03.06.2022,ИСТИНА
Россия,"Город В ледяном биоме, со своей системой санкций!",_Grenia_,-370,-13489,800,-61,-1676,22.06.2022,ИСТИНА
Майнгольм,Современный и прогрессивный город,drannch1k,-9500,-910,500,-1185,-111,23.06.2022,ИСТИНА
Пчелиное поселение,Поселение для любителей пчёлок и больших пенисов,Eltrobit,-11400,-4150,500,-1450,-450,23.06.2022,ИСТИНА
Трория,,RdnStrider,9636,12349,500,1205,1543,24.06.2022,ИСТИНА
Маранелло,"""Ciao amici! Добро пожаловать в итальянский городок Маранелло (Maranello)!""",S7venMan,71,-6701,2000,20,-850,22.06.2022,ИСТИНА
Пратвилль,"Средневековый город, с атмосферой древней руси. Узкие улочки и густонаселённые районы.",DJ_SVYAT,-10344,-2952,1000,-1287,-384,21.06.2022,ИСТИНА
Херлинбург,"Херлинбург является оплотом Священной Монархии, процветающей Аристократии и дышащей полной грудью, природы, прорастающей по всему городу.",5opka,8217,12525,2000,1020,1550,11.06.2022,ИСТИНА
Джангейт,Городок друзей в около стимпанковском стиле,Mork13,-9900,-3967,800,-1223,-497,05.06.2022,ИСТИНА
Дейт,Город (база) друзей,1tsukusu,-580,-2700,100,-69,-333,,ИСТИНА
Ozymandias,небольшое убежище для рандомных людей,Vovchik_,-2630,12980,200,-332,1622,26.06.2022,ИСТИНА
Тирион,Город в эльфийской тематике на возвышенности,BABKA2000,5463,2200,1500,675,270,26.06.2022,ИСТИНА
Дота 2 Сити,дота 2 про сити чил раслабон,АУКЦИОН,-11311,674,500,-1410,80,26.06.2022,ИСТИНА
Ушлёпинск,Большой Шлёппа ушлёпок,mp43,9989,-11901,250,1265,-1494,27.06.2022,ИСТИНА
OASIS,"Это место, во вселенной, в котором жители параллельных миров и изгои из различных хронологических веток, приспособились к жизни в одном обществе.",Kweebek,4374,825,1000,544,92,27.06.2022,ИСТИНА
Араскад,Город древ и пиратов,xDelijax,-9000,10000,2000,-1117,1263,23.06.2022,ИСТИНА
Объект ТБК,"Город только основали и планируется он в стиле утопического будущего в гармонии с природой. Будем РПшить, но это необязательно..) Так же, в городе будет загадочный бункер",АУКЦИОН,80,-10600,600,10,-1333,21.06.2022,ИСТИНА
Южные Плантации,,Zaekranniy,-1040,13000,500,-103,1681,29.06.2022,ИСТИНА
Ytic Osto,Здесь живут гении И лютые контiнт мейкiиры,T0fr0,-2513,3741,100,-314,468,30.06.2022,ЛОЖЬ
Крайград,Маленькое поселение на острове возле края нового мира.,Elik_,13492,13492,300,1687,1687,,ИСТИНА
AriForce,Мир на летающих островах,_AntiLag,-1700,-8940,350,-215,-1111,03.07.2022,ИСТИНА
GJ 1214 b,Планета (город),Fel1xx_,-1470,-2350,1250,-184,-294,,ИСТИНА
Fallen Kingdom,"Фолен кингдом - остров с замком и деревней, король защищает свое королевство от нежити. Основано на популярном клипе Майнкрафт 2012 года от Captain Sparkle",KrecbackPlay,-4600,-2300,300,-583,-285,03.07.2022,ИСТИНА
ReField,"Небольшой городок, в котором может произойти всё что угодно.",АУКЦИОН,-8200,-1200,2000,-1031,-150,,ИСТИНА
Баобан,"Город в эко стиле, заросшие здания и дома-баобабы.",ChingisHs,4200,-1400,1500,527,-179,03.07.2022,ИСТИНА
Питер,Стилистика города Германия 50-х. Ещё у нашего города есть второе неофициально название Питербург.,Dinnerlone,-175,-8379,700,-10,-1045,,ИСТИНА
Трудоград,маленькая деревушка на окраине страны,_Sludge,11785,8994,1600,1457,1137,,ИСТИНА
ДЫРА ИЗГОЕВ,малюсенькое поселение из говна и палок. Жизнь в скучной яме и без душных поручений,internetAtaka,-4866,-56,350,-611,-100,,ИСТИНА
А.р.т,Город в котором будут построены множество арт объекты разных тематик ,Pipega_,8059,-3923,1000,1000,-500,04.07.2022,ИСТИНА
Машрум,"Грибной биом? Нет, уютный приятный город усыпанный мухаморчиками.",АУКЦИОН,-10678,436,1000,-1334,2,,ИСТИНА
Indivinity,Город в фэнтэзи sci-fi стиле.,KvaksHDX,10500,-12750,1000,1312,-1539,,ИСТИНА
HillTop,"TrapBurg - это город стиле мульти-вселенной, у нас можно строить в том стиле который лежит у тебя в душе, мы рады всем. TRapBurg - город с очень дружным коллективом, и огромном количеством ферм, с нами тебе откроются большие возможности. С любовью жители города TrapBurg",VacBanchik,-8650,-8100,2000,-1075,-1000,30.06.2022,ИСТИНА
Даллас,"Город в стиле Америки 40х годов. Мафии, бары, азартные игры, джаз, перестрелки.",YourMayskiy,-1748,-494,700,-232,-60,,ЛОЖЬ
DOWN CITY,Великий город МЕЛШЕРА BatiaTop и  КОЗЯВОЧКИ,BatiaTop,2100,2000,1000,275,250,,ЛОЖЬ
Маньян,"Китайский город XVII Века, город самураев, и очень отважных самураев",АУКЦИОН,-10404,-778,1000,-1297,-98,,ИСТИНА
"Остров ""РОЗ""",Туристический город мечты. (На воде),Mr_Derti,-5045,7365,2000,-630,920,14.12.2022,ИСТИНА
Колхоз,Простой колхоз в котором живут и трудятся лютые работяги,Zhizhoid,-225,3350,1000,-23,430,,ИСТИНА
BomzCity,"Город для новичков, приютим каждого! Дадим нужные ресурсы.",Felky_,-881,1167,500,-115,153,,ИСТИНА
 Вальдер,Лучший город на всём Свете!,Babka_trax,-11815,1800,1700,-1488,228,12.07.2022,ИСТИНА
Вайтран,Не большой средневековый городок окружённый горами,Kevond,-13210,3577,1500,-1650,446,12.07.2022,ИСТИНА
Copper Town,"Это был обычный шахтёрский город до приезда учёного помешанного на меди. Вокруг этого учёного ходят много слухов в городе, одни говорят что слышат крики из его лаборатории, а другие что после его приезда люди начали покрываться медью",Zombain_,9150,7650,700,1078,641,,ИСТИНА
Дрочсити,"Крутой НН город под названием: ""ДрочСити"". Имеется основной остров и 3 полуострова, на каждом из которых будут микрорайоны на разные тематики",JLyKA,-9242,-352,250,-1164,-41,,ИСТИНА
Myfgrad,"Город состоит из фентезийного стиля. Там будут присутствовать места для рп, а так же места для ивентов.",mefofilov,10560,-13135,500,1324,-1629,,ИСТИНА
" Село ""Уютненько""","Нереально уютное место, приходите на обэд.",YourSancho,12700,-555,500,1600,-60,20.07.2022,ИСТИНА
TPS squad,Второй Район OTSO CITY,3BE3DA,650,3760,500,83,480,,ЛОЖЬ
Хуторок,"Котэджный поселок ""Хуторок""",Finch_16,-3150,-800,300,-393,-100,,ИСТИНА
Второй район PiterGrad,Второй Район PiterGrad,_MaD_CaT_moykot,-5362,-1300,1100,-671,-170,05.06.2022,ИСТИНА
Феклист,Город-ферма,Cotov,-13250,374,100,-1657,46,,ИСТИНА
ЧвякТаун,"Просто маленькая деревушка с её жителями, уютное и ламповое место для общения с друзьями и приятного время проаожднения.",Beton4uk,-3925,5226,2000,-471,630,,ИСТИНА
"Дачный посёлок ""Солнечный""","""Солнечный"" - это тихий дачный посёлок. Тут вы можете собраться со своими друзьями, пожарить шашлык, искупаться на речке и перекопать всю картошку!",Good_Man_31,9900,6550,500,1232,840,02.08.2022,ЛОЖЬ
Нижний Темнокаменск,Неомерика,Scott_Light,-4700,-12980,1000,-550,-1652,02.08.2022,ИСТИНА
NASA-sity,"Даём кирки новичкам бесплатно, поощряем билдеров деньгами, открытая казна, только у нас можно заработать ртом",_Anch0vy_,4520,-840,1000,565,-105,20.08.2022,ИСТИНА
Empire,"Empire - это не просто город, это целая империя. Которая с каждым днем будет развиватся и идти только вверх.",АУКЦИОН,874,-5638,700,104,-711,02.08.2022,ИСТИНА
сиськи,Настоящий пластмассовый мир..,MoSmall,7300,-6900,500,912,682,03.08.2022,ИСТИНА
РОФ,Республиканская Обсидиановая Федерация,M0rg3nGh0s1,447,-11592,2000,50,-1443,03.08.2022,ИСТИНА
Night Град,Саратов вампиров,SQUICK__,11949,-12394,2000,1492,-1551,04.08.2022,ИСТИНА
Хельмер,"Построссия, власть природы",S0venok,-3000,-8000,2000,-386,-1010,03.06.2022,ИСТИНА
Фронард,"Город с большими планами на СП5. Смешанная архитектура, несколько районов.",_magazova_,1790,-4692,1000,235,-570,05.08.2022,ИСТИНА
SaudWest,"Город обоснованный двумя странствующими путниками, во имя просветления великой идеологии о которой знаю лишь единицы",JoyEnd; Jack_Wood,-135,13481,1000,-12,1885,05.08.2022,ИСТИНА
Уютненько,Город таджика,5ynep,7270,-8521,650,922,-1065,07.08.2022,ИСТИНА
Неллуру,Рыбацкий город.,I_Moksi       ,2498,2498,500,302,-1374,09.08.2022,ИСТИНА
Floarant,Красивое место с пездатым домом,Yumio_spum,2300,-8706,400,277,-1090,12.08.2022,ИСТИНА
Мытищи,,ita1eex,541,-6548,200,68,-818,12.08.2022,ИСТИНА
Риверфорд,Небольшой город выполненный в средневековом стиле,BleskFox,7323,-9267,1250,909,-1159,13.08.2022,ИСТИНА
ECO City,"Город с красивейшей архитектурой, в которой совмещено два стиля - модерн и хай-тек, а также присутствует огромное количество растительности.",Legogoshka,-2570,-369,1500,-321,-46,14.08.2022,ИСТИНА
РамблСити,"Прекрасный город, находится над океаном. Здесь живёт бомбер и министр и их друзья.",bomber1337,-9234,7668,1000,-1159,-956,15.08.2022,ИСТИНА
Хлеб,тут живут только хлебные крошки,Parmene,10198,-365,200,1275,-43,15.08.2022,ЛОЖЬ
 АурБург,"Немецкий городок со зданиями ""ренессанс"" и ""борокко"". мы, ищем именно - тебя!",rztka,12331,5250,1500,1550,652,16.08.2022,ИСТИНА
остров Намму,"Город в тематике Древних Свитков, рыбакий остров к востоку от Морровинда.",nicelinger,-12700,6050,1000,-1591,756,15.08.2022,ИСТИНА
Киноко,Дерево и домики.,linaxtwist,-6435,-11857,1000,-757,-1424,31.08.2022,ИСТИНА
Территория maudzeduna2,"в прошлом город, но по итогу моя терра",maudzeduna2,2125,2020,400,265,250,01.09.2022,ИСТИНА
Версалис,"Город-мультивселенная. разные вселенные объединились в результате инцидента и повлекли за собой появление самых  
необычных мест",BlooHA,-10400,-6300,1000,1305,714,09.09.2022,ИСТИНА
Авангард,хуй,kirushkin_TPEHEP,-5771,-1048,1500,-722,-130,12.09.2022,ИСТИНА
Котайл-Град,"Город, которым владеет Котайл",_Kota1L_,-1360,11487,144,-170,1435,25.09.2022,ИСТИНА
Крискин Град,жески город я лююлю хот доги,TheKriska,-2082,9712,300,-262,1213,20.04.2022,ИСТИНА
Карабас,Город общения и друзей с интересной архитектурой,Figovy,-350,16000,2000,-50,2000,06.10.2022,ИСТИНА
qqCity,Лучший город (после Мультикора),Kurumaqq,-15060,3500,1700,-1881,450,06.10.2022,ИСТИНА
Иннополис,Современный город с высокими технологиями!,Kraineff,2300,14240,350,288,1780,07.10.2022,ИСТИНА
Ферма Вермонта,"Территория для ферм города ""Вермонт"". Является запреткой не для её жителей",RouL1N,-14721,17583,1000,-1842,2201,08.10.2022,ЛОЖЬ
Valentine,Город в стиле техаса 1990 годов,fafpik283,15206,-468,1500,1902,-58,08.10.2022,ИСТИНА
Кладбище Замбу,Мирный город на берегу,Zombu_,18229,11672,1000,2282,1449,08.10.2022,ИСТИНА
Шоссе 66,Город в стилистике юга США 1980 - 2000 годов. Гигантское шоссе соединяющее три штата,Holodech123,-7779,-14530,600,-963,-1824,10.09.2022,ИСТИНА
NoNe,"Город на вершине глиняных гор, дабы отдохнуть душой и телом, либо же под карьеры",TeFiCr,18733,-676,2000,2343,-92,10.09.2022,ИСТИНА
Ty3uK Land,Личная территория Ty3uK_'a,Ty3uK_,20054,11548,1000,2441,1456,10.10.2022,ИСТИНА
Флорес,ебейший город аля деревня крутой художницы зебисквит и ее кентух,thebiskvit,128,20483,500,-1,2565,11.10.2022,ИСТИНА
Реп Сити,Столица Репа на СП. Холодные улицы этого опасного города согревают лучшие кубические рифмы.,shinekid420,-3778,-18972,1500,-470,-2370,13.10.2022,ИСТИНА
"Мёртвые 
Моря",База - Город на воде,CaptainZakyyy,5414,17763,1500,-700,2224,13.10.2022,ИСТИНА
Maiami city,"Солнечный Майами предлагает вам погрузиться в приятную и теплую атмосферу неонового городка на берегу лазурного моря, окруженного зелеными пальмами",AndroMedaPON,10592,-9729,1000,1288,-1180,13.10.2022,ИСТИНА
Cats City,Город котов!,Luciferus_,-17500,2000,1500,-2200,250,16.10.2022,ИСТИНА
Dogs City,здесь живут самые тяшные топеры СП,mirrell,-14500,2000,1500,-1800,250,16.10.2022,ИСТИНА
Редмафия,Терра Редмафии,RedMafia_,23333,-7250,2000,2920,-906,16.10.2022,ИСТИНА
Дубиноград,"Дубиноград - город возможностей, бравл старса и гачалайф.",andryxa_progamer,886,-14646,2000,4,-1818,16.10.2022,ИСТИНА
Сайлент-Хилл,Город в смешанном стиле. Этот город совмещается с поверхностью и подземельем. Цель этого города - дарить людям счасть,WestfalliJ,-189,8282,750,-21,1034,18.10.2022,ИСТИНА
Вельтербург,Вельтербург,Futo_Dono,-22247,32,2000,-2790,9,19.10.2022,ИСТИНА
ОцоCity,"Город, просто город. (не путать с Отсо)",Mr_Pa3HbIu,19579,910,75,2446,105,19.10.2022,ЛОЖЬ
Winston,Самый популярный город на PoopLand перешедший на #СП5,lama_rosso,-16070,2470,700,-2000,300,21.10.2022,ИСТИНА
Блиттерфилд,,Gostron0v,23113,-508,900,2890,-64,23.10.2022,ИСТИНА
Артсити,"Город, где строят арты!",barabum,-157,-14927,1500,-22,-1870,03.11.2022,ИСТИНА
Петроград,"Город, нацеленный на
РП составляющую. Его действия разворачиваются в начале 20 века Районы выполнены как в пышных стилях, так и в индустриальных.",CptValve,8940,6546,1500,1105,822,04.11.2022,ЛОЖЬ
КПСС,Город сэксуальных мужчин,Karonus_,899,-13887,250,99,-1732,04.11.2022,ИСТИНА
Gleksika,"очень хороший город, весело всегда, если вы одинокий, то вам сюда.",Vladora,-16584,288,1000,-2081,30,08.11.2022,ИСТИНА
 Hidden Rain,Город вдохновленный Деревней Скрытого Дождя из Наруто. Архитектура в стиле идастриал стим панк.,roilo,8868,20189,1000,1105,2516,14.11.2022,ИСТИНА
Шурима,Великая империя построенная на прахе врагов,Honflog,3390,-9965,2000,423,-1245,19.11.2022,ИСТИНА
Хогвартс,"Магический замок, со своими секретами и тайнами",Geraltss_,1176,-22851,1000,137,-2870,21.11.2022,ИСТИНА
Серый север,"Тихий город на окрайне страны, это город с вечной зимой, где мороз опустился до -45. Холод пронзает эти земли до коры. Это город где дом будет греть вас и вашу душу.",M_Krug,24545,-2050,500,3075,-233,22.11.2022,ИСТИНА
One Piece,Тупо смешной город,KRATZ5,1347,-362,1000,169,-46,24.11.2022,ИСТИНА
OtherSide,"2 Бога решили привнести свою лепту в историю СП, основав свою Империю.",ArturchikRuina,-5661,11300,1000,-708,1412,27.11.2022,ЛОЖЬ
Аркадия,Завораживающий подземный город!,MrSirius_,23044,-5818,1000,2868,-713,30.11.2022,ИСТИНА
Вельмбург,"Город с маленьким началом, но большим будущим",Mishutka2011,382,-18956,1250,43,-2370,02.12.2022,ИСТИНА
Шелтер,Колония Святого Дестена Шелтер,Commxnder,1344,8790,2000,170,1092,03.12.2022,ИСТИНА
 Корусант,"Крупный город, входящий в состав Галактической Империи, а так-же являющийся её Столицей. ",MrFrocks,16933,5955,2000,2116,744,14.10.2022,ЛОЖЬ
Митлонд,,Richard_de_Estre,-14000,-1666,800,-1726,-228,14.12.2022,ИСТИНА
Техноград,"Суровое, мрачное и одновременно прекрасное место в стиле Киберпанк ",Kvakins,-8450,-12132,2000,-1056,-1514,16.12.2022,ЛОЖЬ
Антейку,город Антейку,T0st1k,17220,2134,2000,2152,252,16.12.2022,ИСТИНА
Морио,"Морио- город, расположенный в префектуре Японии в пригороде города S",nhuz_,21413,223,2000,2689,21,22.12.2022,ИСТИНА
атлант ,Подводный футуристический город для самих топавих,baziza,-4800,1200,1500,-600,150,24.12.2022,ИСТИНА
Graler City,Лютейший город,Mihanoks,-20830,70,2000,-2609,15,12.10.2022,ИСТИНА
Старый Оазис,"Город в аква-песчанном стиле, с мемными жителями и ламповым комьюнити",Feyanin,-12750,5064,600,-1530,661,01.08.2022,ЛОЖЬ
Limf,Город не требующий усилий,deadHinkal,10676,434,500,1335,6,04.01.2023,ИСТИНА
Красный белый и королевский синий,Город где живёт каждый гей сп,SheeZe_,4000,-3000,2000,500,-375,04.01.2023,ЛОЖЬ
Иерусалим,Древний еврейский город с необычной архитектурой и дружеской атмосферой. Здесь вы можете вступить в Еврейскую общину и строить с другими евреями бизнес.,Wertuhay,6880,9312,2000,860,1164,04.01.2023,ЛОЖЬ
Алла Борисовна град,"Это великий город, посвященный лучшей учительнице математике 32 лицея",V0VKAD0,-16340,-2010,1200,-2042,-248,06.01.2023,ЛОЖЬ
Банецк,Великий фантом покорает вас.,xlebozovod_,-24561,852,600,-3082,114,06.01.2023,ИСТИНА
CobalT,"промышленный город, 20 века где таиться мафия и криминал",MrFlouzers,5724,-8152,400,724,-1012,07.01.2023,ЛОЖЬ
Город у Огромной Ямы,"Город по Мотивам аниме ""Made in Abyss""",GfORSE937,3620,9589,640,464,1190,09.01.2023,ЛОЖЬ
Клоака,Город клоака сами топи тут модераторы живут,Huppl_,1665,17053,2000,206,2131,09.01.2023,ЛОЖЬ
Город Городов,"Свободный и Развивающийся - Город Городов ищет новых жителей:) В этом месте нет запреток, жёстких правил и духоты. Тут каждый сможет найти себя! И Мэр тут тоже отличный) Истинная Земля Свободы и Демократии!",FrenkuSS,-13289,-2572,1500,-1661,-320,11.01.2023,ИСТИНА
Сан-мартин,"Город труда, свободолюбия и огромной птицы",Ordibright,-890,-15587,400,-111,-1948,13.01.2023,ИСТИНА
Lego city,Небольшой городок в стиле Вестерн с несколькими районами,WhiskerWhite,10367,-24280,1000,1291,-3040,13.01.2023,ЛОЖЬ
кринжстоун,,easypashtet,-9256,420,500,-1159,52,19.03.2023,ЛОЖЬ
Которея,,SerJuo,-7801,7900,700,-973,1000,12.02.2023,ЛОЖЬ
Ревендрет,Поселение,lapaff,3981,17075,1500,496,2142,07.10.2022,ИСТИНА
VIsland,"Город V_Island сокращённо Висланд, многоэтажный город с множеством различный стилистик",Vlederick,-1574,-9761,300,-1956,-1219,18.02.2023,ЛОЖЬ
Святодорск,Милый христьянский город,Mormits,13492,2714,2000,1570,-2,19.02.2023,ИСТИНА
Рыжый лес,"Город, где можно спрятаться от проблем",RoiiZroi,-2111,-5470,450,-278,-679,19.02.2023,ИСТИНА
Октавиан,Октавиан,Audax_96,2050,13154,1200,126,1654,19.02.2023,ИСТИНА
Нью-Хэвен,"Город тематики Нью-Йорка 30х-40х годов с тематикой мафии, также здесь располагается бар Скалетта.",RYGIS_,-898,6219,2000,-111,777,25.06.2022,ИСТИНА
Арбузная Республика,Фермерское поселение,KseLeroN_,12300,2200,350,1544,277,19.02.2023,ИСТИНА
Маркарт,,Ctulove,-12115,-2907,2000,-1500,-360,21.02.2023,ЛОЖЬ
Infiniti Town,,k1nkess,10505,-9490,600,1288,-1174,22.02.2023,ЛОЖЬ
Галич,Это пиздец. Здесь живёт Чича,MartiGoethia,-8975,-5640,1500,-1122,-700,22.02.2023,ЛОЖЬ
Fortune,.,ficuss,2972,-4086,300,370,-514,23.02.2023,ЛОЖЬ
Абобамунд,лучший город,Laste_,-20471,617,1500,-2551,88,23.02.2023,ЛОЖЬ
Dita town,"Город комьюнити дита. Принимаем уродов, недопянятых гениев и тд.",Haef_,-15977,-421,500,-2000,-4,23.02.2023,ЛОЖЬ
СкамЛаб,"Научно - Исследовательский Университет и Лаборатория по изучению способов скама, незаконного и полузаконного способов зароботка.",NLMGreed,14600,-4930,500,1825,-637,23.02.2023,ЛОЖЬ
Париж,"Великий город Париж, содержит в себе множество красивых зданий и парков. Мы ценим каждого жителя и гостя нашего города!",Malarsn,-2350,4606,800,-279,600,23.02.2023,ИСТИНА
Мэйд ин хэвн,"Город стрмиров клоунов, Фурри и японских мультиков",Golodniykirilll,-16019,9016,2000,-2012,1124,24.02.2023,ИСТИНА
Азар,Город в стиле игры Fallout 4. Архетиктурное строение города повторяет карту самой игры из оригинала. Город весёлый и дружелюбный! Всегда рад как новичкам так и олдам Ждём вас!))),Flirden_86,-477,19189,1000,2363,10,24.02.2023,ИСТИНА
"Протекторат ВС Коалиции Старая
 Каролина",В городе рады ВСЕМ,Beta_Reone,7500,6500,500,936,820,25.02.2023,ЛОЖЬ
Дом теней,"Город где живут те, кто любит скрываться в тени, они живут под землей и перемещаютсяпо тунелям. Стилистика по большей части подземная",Sir_Yusuf,-12000,-450,500,-1500,300,01.01.2023,ИСТИНА
Liberty,либерально-демократический город в современном французском стиле,stefan_sees,-9735,-202,100,-1200,-21,03.03.2023,ЛОЖЬ
SWEF,"Город основанный лучшими СНГ аниматорами, в стиле модернизированного коммунизма",Swedli,0,10000,800,15,1250,03.03.2023,ИСТИНА
ХАЙП ЯМААААА,,SSnusoed,9111,-2601,300,1141,-316,05.03.2023,ЛОЖЬ
Мондштадт,"Город свободы в средневековом стиле. Город бардов и актеров, а так же лучшего во всем мире ВИНА.",YlianKoron,-11600,-180,550,-1450,-23,06.03.2023,ИСТИНА
Форт Герань,Штаб Объединения ННПСП,2sadness,-7522,-13386,400,-940,-1673,07.03.2023,ИСТИНА
Уголёк Сквад,Угольки работают каждый день за бесплатно.,mrbandana,261,18264,800,32,2281,08.03.2023,ИСТИНА
Хэртон,Город который борется с анонимностью. Мы рады всем новичкам. Стиль нашего города современные мегаполисы как Сингапур. Будем рады дружить!,tedyyy77,15347,-3973,1000,1926,-500,09.03.2023,ИСТИНА
ButerCity,бутир,4ebupelka,-4215,5792,500,-526,723,10.03.2023,ИСТИНА
Вроттердам,Родной дагестанский гор,Mc_makes,14816,-552,200,1841,-69,12.03.2023,ЛОЖЬ
Белен,,VoidGTB,14300,1100,2000,1770,130,12.03.2023,ЛОЖЬ
Рафтель,Город прогресса,mdx6,-11314,-5314,1000,-1422,-655,13.03.2023,ИСТИНА
"Северные
Земли",Северные Земли города,EnergyBoBer,-1000,7000,1000,-163,870,05.06.2022,ЛОЖЬ
Сосмаркская Империя,Историческая родина сосской нации,Bruno_Hempf,-4470,-6723,570,833,-578,19.03.2023,ИСТИНА
Happy Island,,Reaclomp310,-14000,16000,2000,-864,1991,20.03.2023,ИСТИНА
AC-0701,,Bl1ser,-1401,24000,2000,-87,3100,22.03.2023,ИСТИНА
Территория _CountDown,,_CountDown,2800,4500,1300,350,555,03.06.2022,ЛОЖЬ
YesNameCity,Город не без названия,MaKKoR,114,-22138,1500,18,-2751,26.03.2023,ИСТИНА
СССГ,"СССГ - Союз Советских Социалистических Городов. Вы будете трудится не ради государства, а ради народа!",Tverdiy_Znak_,-668,-3506,1500,-82,-436,27.03.2023,ЛОЖЬ
РейвенВилль,"Мы волшебницы, добрые феи, Если решишь, можешь ты стать, Одной из нас!","BRUHamster, minatoom, Alexvain",-2700,11000,1500,-339,1369,05.06.2022,ИСТИНА
catburg,,ruinecat,15870,78,1000,1977,0,30.03.2023,ИСТИНА
ГЛП,Г-город Л-лучший П-подруг,Gwyinn,7900,-6666,2000,750,-662,31.03.2023,ИСТИНА
Сектор газа,"Город-канава, где царит частичный  анархо-коммунизм. Здесь нету понятия главный, есть только руководитель, но все равны.",pussi_destroyer,-267,-3480,500,-25,-444,02.04.2023,ЛОЖЬ
Солярка,Город Солечки,sssolechka,13883,6742,1000,1726,847,02.04.2023,ЛОЖЬ
Warfell,"Жёсткий МЕГА РП Город-Не город, пизда, пиздец, это легенда",Hemok98,14000,4000,750,1750,500,03.04.2023,ЛОЖЬ
Крысиная нора,,Delux8888,16228,11552,1000,2027,1442,07.10.2022,ИСТИНА
Западные земли,Западная часть города,LosTikkk,-3600,8000,2000,-450,1000,06.04.2023,ЛОЖЬ
CombersLand,Будущая империя золотых морковей. Всего 2 АР за стак,_NotoBoto_,9500,-3350,350,1200,-410,08.04.2023,ИСТИНА
Paradise City,место для чила.,San4ez_Fun,21474,-1420,400,2680,-180,08.04.2023,ЛОЖЬ
Манты-Хансийск,"Крутой город около-совет. тематки. В нём вы найдёте:отзывчивое правительство, и класных жителей.",pirigarchik merestring0,23945,-1835,350,2290,-219,09.04.2023,ЛОЖЬ
Хораллд,,Detdomchik,-16100,-600,2000,-2020,-75,06.10.2022,ЛОЖЬ
МсМуняня,да,Primal_Dino,-4971,23916,750,-623,2994,23.04.2023,ЛОЖЬ
MultiVerse,Город в котором вселеные всплелись в нечто иное,Saild203,-1221,15501,2000,-143,1920,24.04.2023,ЛОЖЬ
Light City,,Light_of_Shadow1,575,-13864,700,86,1717,24.04.2023,ЛОЖЬ
Бостон,Планируется рп зона по фл4,catmit446,-10000,20000,2000,-1250,2500,25.04.2023,ЛОЖЬ
YesNameCity 2район,,Urodis,114,-23986,2000,2670,53,25.04.2023,ЛОЖЬ
Aster,"Лесной городок, который населяют звери, духи и дриады.",Sovynok,3109,-1144,650,392,-142,26.04.2023,ЛОЖЬ
ТРИП,"Привет, я ba6ok. Хочу найти творческих людей. Ну вот зачем идея и лор города: как многие знают, что есть наркотики и на них кучи людей уже подсели или хотят подсесть, и это грустно. А наш город будет тем, к чему это все приводит, а именно 2 района города - ТРИП 1, это трип, а 2, это бед трип. Это будет очень интересно с той точки зрения, что это все голюны, которые там находятся - резкие и интересные фантазии и цветовые палитры. Музыка и освещение можно осуществить все, что вы таите у себя в душе и то, что пытаетесь скрыть в абстракциях и экспрессии города. Так вы получите много эмоций и афига от того, что вы создали образец искусства.",ba6ok,-6947,-4977,1000,-868,-622,27.04.2023,ЛОЖЬ
Сосская Азия,Колония Сосмаркской империи,mrSemper,5228,8228,500,653,1028,29.04.2023,ИСТИНА
Moment City,Процветающий город для новичков из старичков,DrDro20,11800,-8300,1500,1427,-1032,30.04.2023,ИСТИНА
Клан Асина,Город в стиле древней японии эры сэнгоку,Miyana,10800,560,2000,1350,70,07.05.2023,ЛОЖЬ
Lie-Isil,,fiendimmoral,-4703,18823,1000,600,2330,09.05.2023,ЛОЖЬ
La Cosa Nostra de,"La Cosa Nostra de Casino - Дело Казино свободная ассоциация Казинаков, которые имеют общую организацию. Основная группа известная как семья.",badmouse_,8814,11090,2000,1111,1400,11.05.2023,ИСТИНА
Типо база ,,snaker373,2000,11357,1800,357,1398,11.05.2023,ЛОЖЬ
LifeCity,"Город, на острове с гигантским деревом из другого мира.",HitekXX,-8827,12085,1697,-1071,1469,13.05.2023,ЛОЖЬ
Radiant,БОЛДАНЫ НА СКРИН,boldan_,1460,-6330,300,185,-777,14.05.2023,ИСТИНА
Ню Эра,"В данном распрекраснейшем городе, вы можете найти лучший людей на планете земля",TTVCryxsu,-1011,-24940,2000,-125,-3118,19.05.2023,ИСТИНА
Кёльтск,Город антиутопия,DiogEn_7,12460,-7700,400,1582,-996,25.05.2023,ЛОЖЬ
RaHoWa,,Goos9k,959,1599,129,120,199,25.05.2023,ИСТИНА
БравлТаун,БравлТаун это самый крутой город для самых крутых бравлеров!!!,HuggyVanya,-1715,19519,2000,-194,-2434,03.12.2023,ЛОЖЬ
ESTILO,современный город в стиле хай-тек,АУКЦИОН,-99,7212,550,-11,900,28.05.2023,ЛОЖЬ
Police Department,Город для проведени РП,StEnerGo,8455,-8102,500,1059,-1014,30.05.2023,ИСТИНА
SkyLine,Летающие острова в СтимПанк,sanmorit,-11649,3089,1800,-1455,391,31.05.2023,ЛОЖЬ
МультиТаун,Город МультиТаун это город мульти районов. В этом городе вы можете примкнуть к одному из районов с определенной тематикой,shmekker,-7000,16000,2000,-875,2000,03.06.2023,ЛОЖЬ
Котофей,город котиков,"SeyFox_, tatarchik",3026,-19303,1500,381,-2400,04.06.2023,ЛОЖЬ
Крутой Классный Клуб,"К чему бы ты не стремился, мы тебе рады, ибо все пути ведут к богу (если ты не фурри)",aladin2811,20509,-6198,1000,2452,-770,11.06.2023,ИСТИНА
Оцуки-цуру,Целебные источники. Красивая инфроструктура. Японщини.,b4Tori,-1946,22746,1000,-239,2856,14.06.2023,ЛОЖЬ
Liberty,Город в современном Французском стиле. Город недавно начал своё развитие и ищет активных жилетей.,"stefan_sees, Banyzrey, xdWolfVille",-9733,-202,400,-1200,-21,25.06.2023,ЛОЖЬ
Лонград,"Небольшой городок, который будет развиваться и достигать новых высот! У нас доброе комьюнити, которое тепло примет каждого нового жителя.",kybimbi,6878,-5419,300,863,-687,27.06.2023,ЛОЖЬ
Риттона,Будущая империя арбузов.,mefedronish,5463,2211,500,681,271,28.06.2023,ИСТИНА
Восход,,Bogdan451,20150,-16700,1000,2520,-2100,01.07.2023,ЛОЖЬ
Империум,Город из вселенной Вархаммер 40000 - столица человечества и бога Императора,_Roxxy_Del_,17000,19000,2000,2125,2375,01.07.2023,ЛОЖЬ
Территория IDizzI,,IDizzI,13400,-22960,2000,1675,-2870,02.07.2023,ЛОЖЬ
Хайп Сити,Город хайпа,Wlenzy,22222,-5595,800,2780,-700,03.07.2023,ИСТИНА
Новая Империя Скаро,потом чето,Hellbug_U,21696,20220,1000,2715,2530,06.07.2023,ИСТИНА
Свободный город,,moralny_urodec,12500,-17500,2000,1548,-2193,10.07.2023,ЛОЖЬ
Куба,Город в стиле туристического острова Кубы с элементами современного города,Shershnyaga_,11300,14600,1000,1331,1757,12.07.2023,ИСТИНА
TollandHenge,TollandHebnge - это город где все ко всем(почти) толерантны,Trixxsis,10481,11781,500,1302,1462,12.07.2023,ИСТИНА
Утопия ленд,Тропический остров,T0P0T0P,-4090,22200,1000,-511,2775,14.07.2023,ЛОЖЬ
Конец мира,Вы тут нихрена не найдёте,LioneleDikaprio,24980,260,1000,3140,41,14.07.2023,ЛОЖЬ
Хуйсо - сити,Самый красивый город на всём СП 5,YMFtiger255,-13728,552,500,6785,-1703,14.07.2023,ИСТИНА
Калифорния,Калифорния - город про счастливых людей!,Shaitan13_,3071,9146,2000,379,1141,15.07.2023,ИСТИНА
Гиза,"Город в стиле Египет, смешанный с фантастикой. ",MAKES_Iz_nRP,1345,1210,1000,137,138,19.07.2023,ЛОЖЬ
Бункер IVEN-а и xgrom4ik-а,, MrIVEN,24007,24000,250,3000,3045,21.07.2023,ИСТИНА
?:Пандемония?,"Город в футуристическом стиле с огромным лором,а так же с людьми готовыми помочь в отыгрывании рп",Batrich,-2488,18886,500,-298,1860,24.07.2023,ИСТИНА
Кириешинск,Город как пачка сухариков - каждый сухарик новый вкус,Kewsieay,-4000,-12576,1000,-1570,-500,31.07.2023,ЛОЖЬ
Вандор,"Добро пожаловать в средневековый город. Вандор - это город, который поможет новичкам и не только понять как устроен сервер и сразу завести себе друзей.",JABIYS / Simen_aep,-20156,-15743,650,-2520,-1917,31.07.2023,ЛОЖЬ
АмНямСити,Из за снежной пустоши город находится под землей а на его поверхности только база гвардии города,beton_gaming,11135,311,1000,1373,30,02.08.2023,ЛОЖЬ
Abyss,Город бизнесменов и разных темок,Xanaxluvv,-2000,5800,450,-270,714,04.08.2023,ЛОЖЬ
Новый мир,"Город свободы, творчества",_Randrel_,3791,-13150,2000,474,-1642,07.08.2023,ЛОЖЬ
Forgotten city,Забытый город под землёй,ItsIFox,-15886,2128,1500,-1987,265,09.08.2023,ЛОЖЬ
Трэп яма,Топ забиверы 2077,Astona,4280,240,1000,535,100,11.08.2023,ЛОЖЬ
Дабдейл,Империя в стиле Стимпанка расположенная на грибном острове, KakoMiko,17069,681,1700,2133,60,12.08.2023,ЛОЖЬ
Баритон,Всем привет. Мы город инвалидов с синдромом ДЦП.,11Concord,22111,-125,600,2762,20,13.08.2023,ЛОЖЬ
ХроноПолис,Без описания.,АУКЦИОН,-6869,-1691,1000,-857,-210,15.08.2023,ИСТИНА
литтл сити,"ну крутой город типа в стиле май литтл поне, крч жоска крут",mamonten0k,-2118,6598,1500,-275,818,15.08.2023,ЛОЖЬ
LoVerse,"Город LoVerse основан на мотивах сюжетных сезонов Lololowk'и. Здесь вы можете найти здания, например из Империи, или Абраксас из Поэны и т.д. Город хайп с кул жителями.",The_Cobalt,-14886,6321,2000,-1858,790,17.08.2023,ЛОЖЬ
Город S,,Zaigard100,2483,18293,350,310,2286,21.08.2023,ЛОЖЬ
Алфея,,Jabochca_Soviet,-8330,-80,250,-1020,-30,22.08.2023,ЛОЖЬ
Поселок Фруктовички,"Город оранизации ЧВК НОВИЧКИ, чтобы попасть в город нужно состоять в ЧВК НОВИЧКИ или быть в скине фрукта",kostemin,16464,5890,750,2055,727,22.08.2023,ЛОЖЬ
Карьер ТРСП,"Рабочая зона для добычи рессурсов, база отдыха горожан, туристический океанный комплекс.",AlkioGraives,12200,25340,1500,1520,3164,23.08.2023,ЛОЖЬ
Логово Бубы,Территория в мезе для маленького города.,CalociNim,-25660,11100,1000,-3208,1386,23.08.2023,ЛОЖЬ
ФырТаун,"""Настоящий оазис на краю света, а в прошлом — древний, затерянный город в песках, возведенный антропоморфными животными. Райское место для отдыха в цветущих садах у кораллового берега. Здесь развито большое сельское хозяйство, а древняя история города хранит в себе много неразгаданных тайн...""

Город, топящий за честность и доверие. Никаких интриг и драм. Мы очень трудолюбивые и активно развиваемся. Будем рады найти единомышленников!",DaPoT22,-26624,7386,2000,-3341,930,24.08.2023,ЛОЖЬ
Баку,Город на берегу , _Offlistid_,129,7387,500,-12,943,24.08.2023,ЛОЖЬ
TooaLand,,KleikaLenta,7028,20788,150,878,2601,25.08.2023,ЛОЖЬ
GangGirlsSexSqad,сексуальные девачки, Aleksey4ik,26400,27800,2000,3300,3475,12.10.2022,ЛОЖЬ
Горгород,,bluermish,4000,-5510,500,500,690,27.08.2023,ЛОЖЬ
Сантрополис,"Наш город подойдет для всех, хотите что нибудь построить, пообщаться или просто расслаби
ться, присоединяйте
сь к нам, в наш замеч
ательный город",Spirchi,-7500,-27700,2000,-990,-3325,27.08.2023,ЛОЖЬ
Столбград,"Город столб, столица всех столбов сп ",Mr.Steg0,100,-6500,100,812,12,30.08.2023,ЛОЖЬ
Asitown,Милый город с хорошей и уютной атмосферой,im_namii,27559,-10875,1500,3452,-1360,30.08.2023,ИСТИНА
Империя,"Город в котором вам не прийдётся выбирать, или решать проблемы, ведь это сделает за вас Империя",Ralse1_Fan,-16282,-1662,2000,-2048,-208,31.08.2023,ЛОЖЬ
Кайфоград,Город кайфа  и  наслаждения,Qwensky,1155,-28631,2000,159,-3560,02.09.2023,ЛОЖЬ
сексsiTI, /sex тут /blow одобряется кристаллы ОБЯЗАТЕЛЬНО,"partflow, Cr1stal1k",1178,23202,2000,147,2899,02.09.2023,ЛОЖЬ
Морио-чо,"Портовый город в японском стиле основаный на вселленой Невероятные приключ
ения джоджо",Melodi4niy,-6464,-14778,2000,-807,-1846,08.09.2023,ЛОЖЬ
МоскваRusSq,Очень крутой город в честь великого Руссквада,a10n3_,-315,33485,1000,50,4200,13.09.2023,ЛОЖЬ
Кенлин,????,smstsmstsmstsmst,18000,17000,2000,2250,2125,20.09.2023,ЛОЖЬ
Стиль-Сити,"город
самых топовых людей с которыми 
интересно общатся
и икон стиля.
Очень красивый 
город со своей
архитектурой",Dobri_Evrei,15108,-3327,1000,1888,-415,26.09.2023,ЛОЖЬ
Авангард,,7ZigZag7,-5743,31300,2000,-719,3912,30.09.2023,ИСТИНА
УРОДСКАЯ ВОЛЬНАЯ ТЕРРИТОРИЯ,ВЕЛИКАЯ ИМПЕРИЯ ИГРОКА КСЕПОМА ,XEPOM,1419,11053,1000,172,1389,30.09.2023,ИСТИНА
PieceTown,Заросший город,MrXyuz,15179,1326,500,1900,170,01.10.2023,ИСТИНА
KetchyppLand,Территория под проект,Ketchypp,-1208,1991,128,-151,248,04.10.2023,ЛОЖЬ
Ромашковая долина,"Небольшой город, вдохновлённый Ромашковой долиной из смешариков. ",newrochka,309,-14052,2000,35,-1752,05.10.2023,ИСТИНА
скррра,Частная база,re1miks,-6737,663,450,-842,79,06.10.2023,ИСТИНА
Город злодеев,"Город криминал, с интирест
ной историей",Prosto_NaIS,-24954,1109,1000,-3123,130,07.10.2023,ЛОЖЬ
Либревилл,"Стремительно развивающийся город, объядинивший в себе людей, с абсолютно разными интересами, но одной целью. В переводе с ит. яз и франц. яз как ""Свободный город""",vladbrask,1503,15342,750,190,1910,08.10.2023,ИСТИНА
Ирхидей,Крутой город,Rudolfick,-27631,-7252,2000,-3457,-906,09.10.2023,ЛОЖЬ
База АртМании ,Закрытая база АртМании ,NotQR_,2600,-32000,2000,325,-4000,10.10.2023,ЛОЖЬ
Кримисноу,небогатый город бандитов,ivangou55,-2131,-10675,150,-262,-1335,13.10.2023,ЛОЖЬ
Альтенбург,хайповый город,0bmorok_iz_DURKI,-4800,-1380,200,-610,-181,06.10.2023,ЛОЖЬ
Пригоды Маскитолога,ГОООООЛ,Onfi_,-9953,474,300,-1256,71,14.10.2023,ЛОЖЬ
OhioSquad,Поселение древних жителей.,Try_Kekss,-30708,362,250,-3838,47,15.10.2023,ЛОЖЬ
TRAP CITY,Это город трэпа и хайпа. Мы на трэпе каждый день и у нас в голове дырка мы дильфин.,"Qfict 
GlakNotFound pepeD15km",13200,-9372,1500,1700,-1167,28.10.2023,ЛОЖЬ
Крайнеград,"самый луч
ший город на сервере
p.s любим цифру 69",f1lyya_,3272,-13481,555,400,-1682,29.10.2023,ЛОЖЬ
Грибной оcтровок,Грибной остров с пещерами и расщелинами,Yksam_,-15765,-28740,500,-1970,-3585,15.10.2023,ЛОЖЬ
Милтон,Город сюжета Безликого Тумана,psina_sytylaya,-37,6203,1000,9,762,04.11.2023,ЛОЖЬ
"Эрлство Ва
ргемпшир","Оставь надежду всяк сюда 
входящий
",JeromeFox KloXXX,22768,-2560,1000,2846,-320,05.06.2023,ЛОЖЬ
Адастра,"Адастра это спокойный и ламповый городок,в котором ты можешь отдохнуть от больших городов. Городо находится в биоме сакуры и поэтому постройки в этом городе сделаны в палитре розового цвета",Mozarellka,-26900,-1447,1000,-3370,-180,09.11.2023,ИСТИНА
Тюмень,"Жоский рп ород в котором будет все по рп и здания реальны
е 1к1",Peta20001000,20150,500,500,2525,60,09.11.2023,ЛОЖЬ
Небельбург,Далёкий город ждём всех игроков,Finoker,343,37495,140,41,5000,11.11.2023,ЛОЖЬ
Разгар-Сити,Территория Разгара-Сити очень жаркая и огромная.,MRMuckFlurry,-1486,12640,1200,-187,1587,14.11.2023,ИСТИНА
Империя Святого Петра,Печка  расположенная в ледянной пустыне,Turtyk_,-3551,-6766,1500,-447,-847,14.11.2023,ЛОЖЬ
Менберг,"Сборная Европа с пышными лесами, горами и полями.",АУКЦИОН,-86,7955,250,-13,989,15.11.2023,ЛОЖЬ
Старый горара раён сашиа санан дрес,Шкопете доп доп доп ес ес дип дип ес доп лол,DEBIL228337_,-8020,-9620,700,-986,1188,16.11.2023,ЛОЖЬ
Территория Красивая,"Терра для города, биом берёзовых чков.",maxi_capybara,-8047,-857,200,-1004,-104,18.11.2023,ЛОЖЬ
ТАЛЕРАНТНЫЕ ДОЛБАЁБЫ,ТАЛЕРАНТНЫЕ ДОЛБАЁБЫ ЭТО ВСЁ,ENTI_,-1570,7620,2000,-195,956,18.11.2023,ИСТИНА
Мастурбург,Тут живет KeninStone,KeninStone,-4198,7314,500,-524,913,30.11.2023,ЛОЖЬ
RNSNS,,antihype_payasa,-25086,7484,500,-3132,937,03.11.2023,ЛОЖЬ
чилловая территория,"закрытая
территория моя а",KNYAZ_PENZbI,2532,684,200,318,85,04.12.2023,ЛОЖЬ
Фармильня,"Закрытая
территория ферм",_MaD_CaT_,8389,-12851,2000,1048,-1606,04.12.2023,ЛОЖЬ
NEZPROM INC,Офис кайфовый,xitriks,-130,10645,500,-5,1337,,ЛОЖЬ
Unelmat,баначики,muden_bluz,3988,8888,1000,500,1111,06.12.2023,ЛОЖЬ
город трпил секса,имба город для крутых,triple_six_x,1120,-34912,1500,139,-4365,07.12.2023,ЛОЖЬ
Arasaka,Город в стиле Cyberpank2077,YAMA228,36915,-11,2000,4625,-13,13.12.2023,ИСТИНА
Новое Иваново,Маленькая деревушка в стиле дореволюционных и не очень крестьян,Mazay_San,-279,36818,120,-1342,4612,15.12.2023,ИСТИНА
Царицынъ,Последний оплот Российской Империи среди мангровых болот,Ddimantus,18732,-13941,500,2350,-1743,08.10.2022,ИСТИНА
Лано,Небольшой снежный городок,SovushkaOvO,-18640,12080,650,1510,-2330,17.12.2023,ЛОЖЬ
Джамбуляндия,"Город великого,гениального,амбициозного,избранного господом - Джамбулы.",dzhambula,-21896,-256,2000,-2737,-16,19.12.2023,ЛОЖЬ
Жопа Град,Город Жопа,Rain_Gosling,-2080,9711,300,-260,1213,,ЛОЖЬ
Ханко,"Финский город, вышедший из-за льдов из-за глобального потепления.",sergey_pelevin,2800,3406,400,370,430,21.12.2023,ИСТИНА
Ember,,Noobtik_moykotik,17100,3100,2000,2121,400,,ЛОЖЬ
Фарматти второй район,"Фарматти - город без общего стиля, связанный с вечностью мира.",HAMSTER_KOMBAT,3400,-6950,425,-890,800,24.12.2023,ЛОЖЬ
Цветочная столица,Регион Вано,K0zuki_0den,-11297,-5313,-1422,-656,1000,24.12.2023,ЛОЖЬ
амонгасик,запретка,semeone,-8166,2380,500,-1014,291,25.12.2023,ЛОЖЬ
ГуряНЯЯЯЯ,Территория кепуча,Ketchypp,13831,-28425,2000,1729,-3553,27.12.2023,ЛОЖЬ
"Синдикат ""Kosher inc.""","Синдикат ""Kosher inc."" находится под мафией ""Kosher Nostra"". Чем точно занимается синдикат - неизвестно. Известно одно - это место переполнено преступностью.",MrEvrey4ik,8000,2000,2000,-245,1000,27.12.2023,ЛОЖЬ
Фаве,2-ой район Амбенна,Nomer82,13200,14400,600,1650,1800,28.12.2023,ЛОЖЬ
Калифорния,Город в американском стиле,IlyaJunka,4659,2013,500,570,250,28.12.2023,ЛОЖЬ
MainX,"Город ютуберов Mainoft и IksX, заходите если вы тоже ютубер, остальные просто посетители)",mainoft,-16584,-1517,1000,-2072,-188,29.12.2023,ЛОЖЬ
WiryReally,,W1ry,10130,30221,2000,1273,3787,05.01.2024,ЛОЖЬ
???,???,qwnly,-3400,33000,2000,-425,4125,07.01.2024,ЛОЖЬ
Гандубубсы,,baziza,,,,,,,ЛОЖЬ
Отель-курорт Нар'Си,В этом прекрасном месте живут люди.,gatcu,896,-6627,1000,111,-834,14.01.2024,ИСТИНА
Аллиум,,Randomazik,17464,-2607,500,2185,327,,ИСТИНА
BeeDrills,"4 чен, тилип-тилип",Zucch1n1n1,13467,-6030,800,1680,-747,14.01.2024,ЛОЖЬ
Округ Ван(?????),"Город в стиле Токио состоящий из трёх районов, распологающийся в заливе.(Вся территория размечена блокам)",SwagBeast69_,15982,2081,500,1989,248,19.01.2024,ЛОЖЬ
Округ Ван,"Округ Ван-город базированный на центральных районах Токио, а также его агломерации. В городе планируется 3 основных района",SwagBeast69_,20824,-5314,600,2603,-660,23.01.2024,ЛОЖЬ
Н-град,"национальное достояние сервера
сп5
славный городок
Н-град",toshun_iz_NGRADA,-5064,-9681,500,-633,-1215,23.01.2024,ЛОЖЬ
AsariTeam,,AsariOwner,11300,-8300,1500,1412,-1038,26.01.2024,ИСТИНА
Консолмун,Раньше это был город с лесной чащей. Теперь от этого остались только руины. В зданиях живут культисты в лесу водятся монстры беги пока дышишь.,CrAsTy,34938,0,1000,4368,1,05.02.2024,ЛОЖЬ
запретка кукиша,СЕКС ДОМИК KUKK1,KUKK1,28507,-3797,900,3556,-470,08.02.2024,ЛОЖЬ
Метро-Сити,старая заброшеная шахта метро2,KysokP,-180,-7208,400,-15,-890,10.02.2024,ЛОЖЬ
Терра YPTA_,"терра с фермамы складом личними
ресами",ThePristol,37017,3446,500,4629,429,15.02.2024,ЛОЖЬ
        Бибки,,alekseev1ch,4000,2400,250,500,300,18.02.2024,ЛОЖЬ
Нью-Крони,Волшебный городок сказок,McQejathOFF,12409,3984,850,1554,498,19.02.2024,ИСТИНА
BubbleCity,Город состоящей из сладостей и позитива,Danotello,7382,-1816,700,784,229,20.02.2024,ИСТИНА
Мой подвал,Тут живут мои подвалыши,kanfi_,-3200,-6200,100,-397,-775,21.02.2024,ЛОЖЬ
OnyPrism,"Футуристический остров, занимающийся медициной.   ",OnyTryss,-11000,-24000,1000,-1500,3000,,ИСТИНА
Солепач,Город со стимпанк стилистикой,Shaylushai,-563,-36660,750,-70,-4582,01.03.2024,ЛОЖЬ
Подвальчик Канфи,https://discord.gg/Uyqnzjpkzk,kanfi_,-30300,-2525,600,-3795,-301,01.03.2024,ИСТИНА
Мурбург,"Город для котят и других. Подразумевается как
город для Фурри,но
вступить может каждый",LazarusDreik,-25440,-3805,1000,-3166,-478,,ЛОЖЬ
Подвальчик Канфи,владелец felix0012 который живёт в подвале,Felix0012,6000,-8100,601,700,-1010,02.03.2024,ИСТИНА
ТитькаГрад,любители больших...,kuixl,-224,-36163,1500,-22,-4533,05.03.2024,ИСТИНА
Тера HONDЫ,Территория красивая унаследовал ее да.,_Tipsik_mur420,7780,-24869,500,973,-3100,06.03.2024,ЛОЖЬ
ZAZNAYA,Напас лютый хапаем постоянно вход 1000ар выход 2000ар,W1ry,10130,30221,2000,1273,3787,08.03.2024,ЛОЖЬ
Министерство хайпа,,BLYADSTV0,4130,-1270,1000,516,-157,10.03.2024,ЛОЖЬ
Дурабейз,Хайповое место для жительства.,dyrachito,1822,-37122,250,227,4640,10.03.2024,ЛОЖЬ
Ильверморни,Школа волшебства и чародейства,Cera_Hogwarts,-15333,-33427,2000,-1924,-4170,12.03.2024,ЛОЖЬ
Гикбаровск,Город слакдкого пара и густой жижки,Voolser,-27770,-7180,1000,-3475,-897,13.03.2024,ЛОЖЬ
ХАЙП CITY,САМЫЙ ХАЙПОВЫЙ ГОРОД НА СВЕТЕ КУНЕМ ВОРОТ СПАСАЙ СВОЙ ГОРОД,chipollone,-3975,-12568,200,-12,-1571,16.03.2024,ЛОЖЬ
Посёлок городского типа,"Город топи, чил дрил пил, реальный свег, +вайб. Вступайте!",Dokedo_,-1518,14598,342,-189,1818,20.03.2024,ЛОЖЬ
Пусто,Город додошки,Stas_IKakProsto,11904,0,500,1488,0,22.03.2024,ИСТИНА
НДРХ,"Легион BC Коалиции ""Бирюзовая Заря Хайграунда""",TsarKhranitel,-6300,3100,150,-780,375,11.01.2023,ЛОЖЬ
БобраСИТИ,Живут талантливые бобры бобры умельцы готовые выгрысть любое дерево за вознагрождение,Mladshiyy,-1850,200,200,-216,12,24.03.2023,ЛОЖЬ
Приватная База,Просто база для одного человека,Bulat_SP,-26179,236,150,-3274,21,28.03.2024,ЛОЖЬ
krematoriy,Территория там база все дела,MayScrenson,5239,-239,300,666,-42,28.03.2024,ЛОЖЬ
МАКСИ СИТИ,Очень ламповы город. Основная тематика - кино и все что с ним связано. По поводу вступления писать Мэру,_GoldTerby_,-3068,522,1350,-24550,4180,01.04.2024,ЛОЖЬ
Трэш,Ковбойский городок для отыгрывания рп,MaryDeri,-27897,7206,1500,-3486,908,03.04.2024,ЛОЖЬ
Катарсис,"Город, совмещающий греческиий стиль",Kontep,3800,4700,1000,475,512,03.04.2024,ЛОЖЬ
NewChina,Город в подвале,mrKAMEH,-882,-7816,150,-110,-977,05.04.2024,ЛОЖЬ
HCDAP ,HCDAP ,HCDAP_Iz_HCDAPA1,-17100,6100,2000,-2137,762,06.04.2024,ЛОЖЬ
Гондэм,Територия Города , bobrin0,953,6215,500,117,777,07.04.2024,ЛОЖЬ
Стрельцовка,село на севере страны с довольно тёплым климатом,rJlucT,680,-30165,200,85,-3770,10.04.2024,ЛОЖЬ
СШ (Союз Школьников),"это типо город,там кайфово,особенно спавн в виде члена",ssssssalam,-23195,-435,800,-2900,-53,10.04.2024,ЛОЖЬ
777,,Mozzit,2240,-6300,200,280,-787,12.04.2024,ЛОЖЬ
Гиперборея,"Великий
город Вед и ариев.
Блинолопатные праздники, славление
бога Пердуна и защита родины от
Ящеров!!!",Animun4ik,4438,20386,1500,544,2551,14.04.2024,ЛОЖЬ
Dopamine Hotel,"Отель Dopamine, позволит вам иметь жильё, по очень
демократичным ценам
иметь место, где вы
можете остаться на
сколько вы
Пожелаете!",Bulat_SP,-26009,81,100,-3245,17,25.04.2024,ЛОЖЬ
МЭШленд,"Обычный маленький пещерный городок для крыс,мышей. Обычно туда заселяются исключительно мыши/крыси, другим запрет.",Bomberiks,-284,-9212,67,-22,-1148,25.04.2024,ЛОЖЬ
CRISTALIX CITY,САМыЙ пиздатый city ever,Cristalix_gg,-3957,3112,200,-493,392,06.05.2024,ЛОЖЬ
Дертонскай,Миленький городок с добреньким коллективом и красивой архитектурой,_StarkOff_,-189,-9565,200,-14,-1198,07.05.2024,ЛОЖЬ
BusyCity,"Город, наполненный бизнес-центрами, офисами, заводами и так далее.",Heleg,20000,14000,1000,2431,1750,09.05.2024,ЛОЖЬ
Эквестрия,Полнолстью перестроенная карта Эквестрии из мульт-сериала MLP.,sh1zukA11,-9700,9700,2000,-1200,1200,13.05.2024,ИСТИНА
"Филиция
","Город свободы, обнесенный белыми стенами.",Awakado_,11153,10854,600,1300,1300,20.05.2024,ИСТИНА
"""OTS""",Тут Единороги пьют пиво,razdorozhnaia,5800,-5800,260,707,-727,06.04.2024,ЛОЖЬ
Эльфейм,Разьеб. Город топ вступайте). Здесь живет Лера Фовна,lIl_Kuzi,-1332,-838,320,-160,-100,22.05.2024,ЛОЖЬ
Doza,город в стиле ниндерланда,SirPoMiDoR4ik,-6763,6247,1000,-847,794,22.05.2024,ЛОЖЬ
"Кузня ""Экзориум""",первая территория Империума человечества,pepeliy,-18956,430,1000,-2372,56,23.05.2024,ИСТИНА
Eden,Грехопадение,komedoz,4547,25323,500,568,3150,26.05.2024,ЛОЖЬ
Дурмстранг,Волшебное место где можно счастливо жить,Ve1ta,5463,2168,500,682,271,30.05.2024,ЛОЖЬ
Объект ТБК,"Новое пристанище загадочной организа
ции",Redrik,190,-23711,2000,20,-2965,01.06.2024,ЛОЖЬ
Честные и Неподкупные,"Самая авторитетная и неподкупная организация-город с тремя владельцами, которая занимается рп-проектами и хайпом.",Neizvestni1,-32044,-300,1000,-4004,-37,06.06.2024,ИСТИНА
бабкастан,Город для бабок и не только,DioVrando,-19373,64,125,-2405,41,10.06.2024,ЛОЖЬ
Чикибамбоград,"чилим, чикибамбонимься",YukioKP,31264,-35728,524,3928,-4470,11.06.2024,ЛОЖЬ
Roblox Town ,"ура, роблокс. мы очень 
любим роблох.",laplac3r,-32994,-918,2000,-4126,-127,12.06.2024,ЛОЖЬ
Индастрия,,pekiness,35500,35500,2000,4437,4437,19.06.2024,ЛОЖЬ
Бэа лэнд,"""Бззз-бззз-бзззз"" с. Шотлик Стетхэм",SHOTLANDEC,-3656,-1607,2000,-457,-200,19.06.2024,ИСТИНА
Эстисола,Второй район города Вельти,Velaf1,-730,5780,350,-91,740,26.06.2024,ЛОЖЬ
WIST-Navarro,Терра по город,RickMafi,-19022,-182,2000,-2375,-13,28.06.2024,ЛОЖЬ
Логманово,Деревушка с рядом находящейся военной базой с полигоном.,3orka,16635,2115,1000,2078,261,07.07.2024,ЛОЖЬ
АнчоСитир ,Город взрывов и кристалов ,kreelfya4868,-35063,-5462,700,-4391,-689,12.07.2024,ЛОЖЬ
Город Грустнолесье,"Грустнолесье-Несмотря на меланхоличное название, это место наполнено теплом и уютом. Здесь царит тихая и умиротворённая жизнь, где каждая одинокая душа может найти своё место и почувствовать себя дома.",Sqwxrlxve,12746,2749,320,1593,343,13.07.2024,ЛОЖЬ
Ямато,Аутенчиный японский городок :),_Ch1to_,-8985,-1732,600,-1132,-218,16.07.2024,ИСТИНА
Логово Кармы,"Логово для гениев, филантропов и няшек",karmaqew,-454,-3293,1000,-53,-412,16.07.2024,ИСТИНА
АрксТаун,"Город в перемешанном стиле.
Ну ещё типо лор есть, но мне пока лень его писать. =)",abtipro,-10298,-6677,2000,-1288,-835,18.07.2024,ЛОЖЬ
Diamonds Studio,,hunamunaa,-22216,2183,100,-2777,270,20.07.2024,ЛОЖЬ
Деревня Алых Мазуку,"Это город (ну деревня) из аниме Коносуб
а, где живут Алые Маг
и.",MMegumin_,-16520,3900,1500,2050,490,21.07.2024,ЛОЖЬ
купол,ну кароче купол с террасой крутой,rgplo,-19546,275,250,-2320,34,23.07.2024,ЛОЖЬ
Legacy,Атмосфра старого Майнкрафта,qwu_mrl,32000,400,2000,4000,50,24.07.2024,ЛОЖЬ
Яма Ашера,Просто крутая яма,KHAN_ASHER,-30009,10521,500,-3783,1296,28.07.2024,ЛОЖЬ
EdwardTown,Мой супер крутой город,Edward_Parrot,-1686,5974,250,-202,738,28.07.2024,ЛОЖЬ
Бенитаун,Прекрасный город возле моря,L0loguy,-4678,13947,550,?584,1733,29.07.2024,ЛОЖЬ
ХИХИХИХИХ,Топи Топи Терра,XAXAXAAXAXAXAXBX,18180,-900,2000,2270,-102,30.07.2024,ЛОЖЬ
 горный город 33,база 3х друзей с фермочками для зароботка и души,underwillowfall,-36619,1702,1500,-4575,4,01.08.2024,ЛОЖЬ
Stray,Уютный городок в стиле игры Stray,Elwwwin_,143,-12403,1000,26,-1555,09.08.2024,ЛОЖЬ
"Община Священного 
Бо","Большой Бо следит
за тобой.",BOUNCEAWAY,20000,400,300,2500,70,27.08.2024,ЛОЖЬ
Цефалоподы,,Jake81i,2544,20684,2000,-333,-2581,29.08.2024,ЛОЖЬ
Стальград,,Serpow,-10000,32010,2000,-1250,4000,31.08.2024,ЛОЖЬ
Инсмут,"Эльфийский город
принадлежащий команде Flat-White",feyr1s_delpo,20850,-5250,750,2595,-633,31.08.2024,ЛОЖЬ
Сигма,"Самый сигма город
Рады всем
Город собераемся сделат как лабиринт извилистыми тропами и загадками водить игроков по разным локациям",real_sabuka,3420,-3640,400,406,-438,12.09.2024,ЛОЖЬ
Pokemon Clan ?,ох покемоны,sloupok,10289,3067,1000,1293,380,13.09.2024,ЛОЖЬ
Coreny,"город обычный на вид, но с секретами",Treezerook,26139,1104,800,3268,124,16.09.2024,ЛОЖЬ
Аркангейт,"Подземелье, состоящее из четырёх этажей, которые предстоит исследовать юнным авантюристам.",Mortemi,20002,-5046,250,2515,-630,19.09.2024,ЛОЖЬ
Кайфоград,150K,GYROZEP_LOL,18624,-693,500,2341,-98,21.09.2024,ЛОЖЬ
Великая Гробница Назарик,"Полуразрушенный огромный склеп, который представляет собой главный вход в подземелье.",KotegawaKamikoto,1200,10000,700,150,1254,18.10.2024,ЛОЖЬ
DirtTown,Город с тематикой средневековья ,paystime,-274,-3902,2000,-36,-494,21.10.2024,ЛОЖЬ
Асгард,"Мир богов-асов, небо и будущее",expectation9060,11088,7817,1250,1385,966,21.10.2024,ЛОЖЬ
Детский Садик,"детский садик
живи у нас!",catekqq,555,10720,2000,73,1333,22.10.2024,ЛОЖЬ
Культ Греха,Территория культа греха,ChuraAnd,3554,-29283,2000,450,-3653,23.10.2024,ЛОЖЬ
Средиземье,Город Минас Тирит,PLacidLamb,-8550,3670,470,-1060,458,24.10.2024,ИСТИНА
DirtTown,Город в тематике средневековья в котором вы можете приятно провести своё время.,paystime,4327,-626,1000,540,-76,29.10.2024,ЛОЖЬ
Весельбург,Весельбург-это город смеха где смех раздается на каждом углу,KIRUSHA_PRO_228,-26983,-100,1000,-3372,-12,06.11.2024,ЛОЖЬ
Департамент Иcследования Внеземных Аномалий,,RockVandal,5700,-800,500,705,-106,07.11.2024,ЛОЖЬ
De1wsz,Городок,MrHleb0reZka,-12348,3047,500,-1539,394,28.09.2022,ЛОЖЬ
"ЗАТО ""Гойда""","Закрытое Административно-территориальное образование ""Гойда""
Информация засекречена",kapibarych,18418,-30703,2000,2301,-3840,13.11.2024,ЛОЖЬ
L'oreal,"Готический город с чудесным собором, для настоящих гениев 
стиля и музыки",SON2166,9300,-14810,2000,1155,-1870,17.11.2024,ИСТИНА
Aperture SP,"Его не существует, это твоя фантазия",Moksy44,12176,-107,1000,1522,-17,17.11.2024,ЛОЖЬ
СайСити,Синезелённый город с живописным видам.,Saivan999,2094,-21094,1000,271,-2633,17.11.2024,ЛОЖЬ
Нонхейм,Хайп и кайф,_Ye11owBox_,800,-6300,1000,100,-800,03.06.2022,ИСТИНА
З.Р.Я.,"Одиночество заключается вовсе не в том, что никого нет рядом, суть его в невозможности донести до других то, что тебе представляется важным, или отсутствии единомышленников. Знающий больше других всегда остается одиноким. Тем не менее одиночество вовсе не исключает общения, ибо никто так не нуждается в общении, как одинокий человек, причем общение приносит плоды именно там, где каждый помнит о своей индивидуальности, не идентифицируя себя с другими.",_Dimaty_,21300,35500,2000,2792,4537,19.12.2024,ЛОЖЬ
Имба АРТИЩЕЕЕЕ,даааа,V1LaN4iK,27817,-1331,2000,3477.125,3477.125,30.12.2024,ЛОЖЬ
,,,,,,,,,ЛОЖЬ
Корво Бьянко,Поместье из игры Ведьмак 3,Karburatorrrr,8600,-376,300,1069,-55,31.12.2024,ИСТИНА
Пенни-Сандия,Кайфовый город, garnastai,560,-33247,2000,57,-4158,05.01.2025,ЛОЖЬ
Эуфорейн,"Город в стиле Великобритании 60-х годов, где счастье стало выбором.",_CallMeKuk_,-9401,18826,500,-1163,2371,08.01.2025,ИСТИНА
Апрелевская Конфедерация,"Архитектурный стиль юга США (Дикси) середины XIX Века. Каждому по особняку, плантации и сколько надо рабов. Будем пить виски, кофе и кровь янки весь сезон.",DrawingKruper,3869,8866,1000,483,1108,08.01.2025,ЛОЖЬ
Сиэтл,"биг бен, легендарный город, кто знает тот знает))))))",kungfu_0_0,-6904,-23088,500,-853,-2893,14.01.2025,ЛОЖЬ
Зелёная миля,Город толбко для истиных ORG,green_org,25142,715,500,3156,89,15.01.2025,ЛОЖЬ
Дарктайд,,Locront,17300,4600,1500,2164,580,20.01.2025,ИСТИНА
КаваГрад,,IDizzI,3500,5500,1000,434,684,22.01.2025,ЛОЖЬ
Sellpo,Завод,PobiH_,3400,-7550,200,425,-944,22.01.2025,ЛОЖЬ
Картофельное графство,"Город стиля средневековья, где растёт много картофеля и ваще всё круто!",Lehichs,12278,-20030,1500,1534,-2503,25.01.2025,ЛОЖЬ
Dota Town,Хороший город,FreeSosa,-223,-26237,2000,-4,-3280,25.01.2025,ЛОЖЬ
Likee42,Дружный город где всем рады!<3,MeGGaGiraFFe,7811,-15916,400,976,-1915,29.01.2025,ЛОЖЬ
Fimoz Squad,Xyesosbl,MayersScott,-1725,-4163,275,-215,-520,04.02.2025,ЛОЖЬ
ЗИОН,Территория PLacidLamb,PlacidLamb,8000,12300,1300,500,1500,11.06.2022,ЛОЖЬ
Орден Истинного Креста,База Великий экзорцистов,AlexVin38,-4751,22088,900,-597,2753,10.02.2025,ИСТИНА
XII Legion,Пиццебашня XII,VadimZalipaet,6227,-5000,200,784,-624,21.02.2025,ИСТИНА
