Дискорд Минюста: https://discord.gg/3FaMemZnk8,,,,,,,,,,
Всё о регистрации территории: https://discord.com/channels/832651103556075570/1312363301195485204,,,,,,,,,,
РЕЕСТР ЗАРЕГИСТРИРОВАННЫХ ГОРОДОВ,,,,,,,,,,
ОБЩАЯ ХАРАКТЕРИСТИКА,,,,КООРДИНАТЫ,,,,,РЕГИСТРАЦИЯ,
,,,,Верхний мир,,,Портал в Незере,,,
Название,Описание,Основатель,Владелец,X,Z,Радиус,X,Z,Дата,На карте
Мегаполис СССП,делится на 17 районов. ,FInch_94,FInch_94,8000,0,2000,1000,250,03.06.2022,ИСТИНА
Суфлея,Конфетный город,Kartoxa11,Kartoxa11,6408,-831,520,800,-90,22.02.2025,ИСТИНА
z40,сучья запретка не заходите warning!!,SALUKI__,SALUKI__,2864,873,1000,360,100,03.06.2022,ИСТИНА
Кур-де-Фонтейн С,"Один из семи регионов Тейвата. Это королевство, поклоняющееся Фокалорс, Гидро Архонту и богине Справедливости ",DizWasTaken,DizWasTaken,-16500,20700,2000,-2750,2000,14.04.2024,ИСТИНА
СПГ,,psina_sytylaya,psina_sytylaya,-4990,-5683,2000,-610,-720,03.06.2022,ИСТИНА
Стальгорн ,"Один из самых известных городов дворфов/гномов в жанре фэнтези, появившийся во вселенной World Of Warcraft. И наша задача не отходить от той атмосферы веселья и задора, которыми наполнена жизнь и архитектура дворфов. Но мы приветствуем в нашем городе людей всех мастей и любых предпочтений. Можете чувствовать себя, как дома, главное - заплатите, как следует, трактирщику в таверне. ",alekseev1ch,alekseev1ch,4820,3705,2000,599,470,04.06.2022,ИСТИНА
Архив альтернативной реальности,потом чето,Hellbug_U,Hellbug_U,21696,20220,1000,2715,2530,06.07.2023,ИСТИНА
Центр Комфорта,,Kvander,Kvander,-7400,5300,500,-922,666,09.07.2023,ИСТИНА
Грибебе,город в грибной стилистике,be_rilla,be_rilla,-1400,-10247,500,-174,-1285,01.03.2025,ЛОЖЬ
Фарматти,"Фарматти - город без общего стиля, связанный с вечностью мира.",Fountainebleau,Fountainebleau,5120,-6880,1500,640,-860,11.08.2022,ЛОЖЬ
 Хутакпаз Сити,Лютый город One Piece,Tilt_Ss,Tilt_Ss,-4070,1650,2000,-500,200,08.06.2022,ЛОЖЬ
Чиллград,Чилловый город,minubart,minubart,-22339,-4305,1000,-2797,-527,19.02.2023,ИСТИНА
Инкорп innovation Inc,Лаборатория расположеyная в вулкане. Так-же есть ядро питающее это место.,SirBonnie,SirBonnie,-6320,5144,500,-800,645,04.01.2023,ИСТИНА
Фроград,"Уютный и ламповый город, в котором будут периодически проходить различные ивенты и праздники",Mankiii_,Mankiii_,1279,-5850,1500,158,-730,23.06.2022,ИСТИНА
Argalis,"Таинственный волшебный город фей, со своей историей и лором. Все феи отличались друг от друга: цвет кожи , гендер , половой признак и интересы. Стиль: Подземный Мегаполис , в друидском стиле.","Cmetanochkaa, Pankyss","Cmetanochkaa, Pankyss",6666,-2666,2000,860,-333,03.06.2022,ИСТИНА
Подвальчик Канфи,владелец felix0012 который живёт в подвале,QueenMera_,QueenMera_,6000,-8100,601,700,-1010,02.03.2024,ИСТИНА
СлейГрад,"Блистай, Обольщай, Восхищай!   Город тотального ""Слея"" Самый стильный город для самых гламурных игроков СП. Вторая  
столица где царит исключительный
стиль!",MovieGeotris,MovieGeotris,-10500,16200,1800,-1252,2173,20.02.2025,ЛОЖЬ
Мир-Кузня,Место для рп ивентов организации ИМПЕРИУМ ЧЕЛОВЕЧЕСТВА,MluckyFeeD,MluckyFeeD,-7779,-14530,600,-963,-1824,30.12.2024,ЛОЖЬ
"Сателлит Города Уродов ""Водная Яма""",Водная яма,Feralitt_,Feralitt_,-10450,-2259,500,-1304,-282,13.12.2023,ИСТИНА
Алькор,"Различные постройки и структуры выполнены в стиле футуризма, а если быть точнее, то затронута тема космоса. В нашем городе вы сможете полностью погрузится в данную тематику. Вы станете путешественником от планеты к планете.",wacom_585,wacom_585,-2000,2000,2000,-164,255,03.06.2022,ИСТИНА
ЛапВиль,Фентези средневековый фурри городок.,Spilya,Spilya,-4882,-3229,1000,-596,-401,03.06.2022,ИСТИНА
СекаиГрад,"Лучший японский город, который был основан около трёх лет назад.",TRLWK,TRLWK,6500,7000,1500,771,826,21.06.2022,ИСТИНА
St?rveldi,"Космополитический город 1890-го года. Эпоха индустриализации диктует свои правила и свои законы, требуя от людей всё больших знаний и понимания того, как работает этот мир.",MeyliNotFound,MeyliNotFound,-7800,-4200,2000,-930,-530,03.06.2022,ИСТИНА
яма 5 корпуса,памятное место 5 корпуса,ProFix_,ProFix_,5822,-290,150,714,-52,20.02.2025,ЛОЖЬ
Панд-Ратония,"Панд-Ратония - это место, где мечты становятся реальностью, где каждый день начинается с улыбки и надежды. Здесь живет душевный и гостеприимный народ, который всегда рад приветствовать новых жителей. Мы приглашаем тебя вступить в наше дружное сообщество, где каждый житель ценится и уважается. Вступай в Панд-Ратонию, и ты познаешь настоящее счастье и гармонию, которые так долго искал!",Batrich,Batrich,-2488,14886,500,-298,1860,21.06.2023,ИСТИНА
Эквилибрис,"Город твоих слёз, страданий, унижений, секса, насилия и похоти",kustikuwu,kustikuwu,10732,-7330,500,1344,-902,23.12.2024,ИСТИНА
Флоу,"пожилая пиратская бухта на которой обитает плазма, преобразованая в облик человека, способная найти любое количество ресов в кротчайшие сроки",kengarags,kengarags,-4160,4095,1000,525,512,03.06.2022,ИСТИНА
Грибник Флоу,Самый большой грибной остров колонизированный городом Флоу,kengarags,kengarags,-35200,28000,2000,-4400,3500,21.01.2024,ЛОЖЬ
Подземск,Уютный подземный город,NickvAIst,NickvAIst,7000,1850,1000,870,235,09.02.2025,ЛОЖЬ
Корусант," Если ты новичок, у тебя нету ресурсов, знакомых, и ты не знаешь куда идти, то город новичков - это правильный выбор",GeHit,GeHit,-5200,6600,1000,-753,752,22.06.2022,ИСТИНА
Лоян,"Добрый город, позитивный",IDizzI,IDizzI,-1024,-7307,550,-125,-906,10.10.2024,ЛОЖЬ
Челябинск,Верблюд веблюд вебюд верблюююд вер вер буд,kolakill_xyesos,kolakill_xyesos,-2654,-14780,500,-344,-1858,01.03.2025,ИСТИНА
Актиний,,_GUAR,_GUAR,18254,-3615,1000,2282,452,26.03.2023,ИСТИНА
Грибвиль-Колорлайн ,Строим будущие....,VATRUSHKA_,VATRUSHKA_,13000,5500,1500,1580,662,05.06.2022,ИСТИНА
Новый Рассвет,База,BrinLol,BrinLol,-1600,9040,500,-205,1123,10.09.2023,ЛОЖЬ
Астерия,Нови Город,Chisserine,Chisserine,15620,-8044,950,1952,-1005,07.04.2024,ИСТИНА
Грибная Трубка,"Маленький городок на грибном острове в форме Трубки. Планируется постройка кафе, отеля и магазина.",Arfelias,Arfelias,-8800,-35700,1100,-1100,-4470,31.01.2025,ЛОЖЬ
Заун,Город крутых перцев,_kewi_,_kewi_,5100,2160,1000,647,265,03.10.2023,ИСТИНА
Королевство Куки Мура,"Самый лучший, прекрасный, перспективный и вообще кайфовый город-королевство",Kuki_mur,Kuki_mur,-4600,-800,500,-578,-100,11.12.2022,ЛОЖЬ
Акихабара,Выходцы из бедных районов скоро задавят вас своим авторитетом.,Hamayumi7,Hamayumi7,-4256,2680,1500,-525,333,03.06.2022,ИСТИНА
Барбариски,Ковбойский городок для отыгрывания рп,MaryDeri,MaryDeri,-27897,7206,1500,-3486,908,03.04.2024,ИСТИНА
PiterGrad,Город выполненый в стиле Санкт-Петербурга.,_miha_,_miha_,-6137,-1086,450,-767,-134,01.03.2025,ИСТИНА
Рисмунд,"Средневековый город, в котором царствует скандинавская мифология и жители которого поклоняются лисе. В городе 12 районов. Каждый из них уникальный и со своей историей.",Neuvillette52,Neuvillette52,-5000,4000,1000,-655,520,03.01.2024,ИСТИНА
ФырТаун,"""Настоящий оазис на краю света, а в прошлом — древний, затерянный город в песках, возведенный антропоморфными животными. Райское место для отдыха в цветущих садах у кораллового берега. Здесь развито большое сельское хозяйство, а древняя история города хранит в себе много неразгаданных тайн...""

Город, топящий за честность и доверие. Никаких интриг и драм. Мы очень трудолюбивые и активно развиваемся. Будем рады найти единомышленников!",DaPoT22,DaPoT22,-26624,7386,2000,-3341,930,24.08.2023,ЛОЖЬ
ASSOW,просто гiрад кароче дефолтный я кстати топовый,jene4ka,jene4ka,-12353,7859,1000,-1555,1000,04.06.2022,ИСТИНА
Маркарт,"Маркарт- город в стиле средневекового фэнтези. Создан по образу города из игры TESV, только его версия из будущего.",Greenev,Greenev,-12000,-2000,2000,-1532,-505,05.06.2022,ИСТИНА
Чивапчичи 2.0,Обновление легендарного города,SirTulpa,SirTulpa,3600,680,500,455,55,12.08.2024,ЛОЖЬ
Андеграунд,Комфортный подвал для ровных типчиков,Steka24,Steka24,-2118,6596,1500,-275,818,10.01.2024,ИСТИНА
Свалкер Таун,,Vindescent_,Vindescent_,-9067,2757,2000,-1118,350,27.06.2022,ИСТИНА
Saint Desten,Святой дестен,Qu1ns,Qu1ns,-2000,-2000,2000,-222,-233,03.06.2022,ЛОЖЬ
VK&L ltd.,Шатл Аура,Qu1ns,Qu1ns,2800,7300,1000,349,916,03.06.2022,ЛОЖЬ
des2,Дестена (Адванс),Qu1ns,Qu1ns,-2000,-4000,2000,-250,-374,03.06.2022,ЛОЖЬ
Bethel,Город Адванс,Qu1ns,Qu1ns,-3500,-4180,1250,-432,-531,03.06.2022,ЛОЖЬ
Колоз,Городок,MrHleb0reZka,MrHleb0reZka,-12348,3047,500,-1539,394,28.09.2022,ЛОЖЬ
Новичленд,Без описания,Dorfany,Dorfany,8250,24081,1500,1017,3025,13.01.2023,ИСТИНА
Саранск,"Терра для города, биом берёзовых чков.",Flot55,Flot55,-17700,15710,2000,-2212,1960,07.08.2023,ЛОЖЬ
О.К.Е.А.Н.И.К.А,"Ламповый остров друзей - любим всех. Даже тебя, вступай.
Любишь мамину закваску - вступай в океанику.",___Qvber,___Qvber,-3800,-8080,1000,-475,-1010,17.07.2024,ЛОЖЬ
Руины Херлинбурга,Руины былого величия ждут своего часа,wtcher6,wtcher6,8000,12300,2000,500,1500,14.02.2025,ЛОЖЬ
Аортит,,CIIAUC_IIO_BEHE,CIIAUC_IIO_BEHE,11500,2500,500,1515,-315,31.01.2025,ЛОЖЬ
GreenWood,"Город-киностудия, для создания развлекательного и медиа контента. Тут базируется множество киностудий со всей страны.",rConidze,rConidze,-5100,-4200,2000,-628,-535,03.06.2022,ЛОЖЬ
Wistardia,Терра по город,RickMafi,RickMafi,-19022,-182,2000,-2375,-13,28.06.2024,ЛОЖЬ
Celestus,афк терра (не передавать из-за конфликтов),shadvv,shadvv,930,-7238,550,121,-910,13.02.2025,ЛОЖЬ
Литовская Народная Коммуна,,"andrejmonn , FInch_94","andrejmonn , FInch_94",8000,4000,2000,1083,497,03.06.2022,ИСТИНА
CapyTown,"Дружелюбный город
",maxi_capybara,maxi_capybara,-4800,-1380,200,-610,-173,13.01.2024,ЛОЖЬ
Мэйлис,"Наступил зомби-апокалипсис, бери автомат и ебашь зомби",YourMayskiy,YourMayskiy,-2473,4519,500,-280,600,23.01.2024,ИСТИНА
Земли Ууу,"Город по мотивам мультсериала: Время
приключений. Где  
живут те самые Финн
и Джейк и многие 
другие",ThePristol,ThePristol,-1454,19220,2000,-174,2394,22.10.2023,ЛОЖЬ
FluffyTown,Город на островах.,Gorynych,Gorynych,10174,4256,1000,1284,538,19.06.2022,ИСТИНА
Набережные ЧелТы,"Город свободны и полёта мыслей, нет темы и обязательств, просто ламповое выживание и кайф (не город уродов)","DiroKun, newrochka","DiroKun, newrochka",-15162,1613,2000,-1896,212,18.07.2023,ЛОЖЬ
Глориан,"Глориан - портовый город индустриальной эпохи, торговая столица близлежащих земель.",kasper_ankapov,kasper_ankapov,-10182,4376,2000,-1272,544,03.06.2022,ИСТИНА
Бирюзовая Гавань,Город учёных в стиле морского модерна,Gribosvet,Gribosvet,7491,5000,550,964,698,16.02.2024,ИСТИНА
Делламур,,Gorynex,Gorynex,-9704,-1922,800,-1213,-240,15.03.2024,ИСТИНА
Хельсинки,Орловская Социалистическая Республика (ОСР) или же Социалистический Великий Орел (СВО) это светлый солнечный город на окраине зелёной ветки в стиле советской застройки Крыма,Flux10n,Flux10n,17750,-1395,200,2214,-171,06.06.2024,ИСТИНА
Fallen Kingdom,"Фолен кингдом - остров с замком и деревней, король защищает свое королевство от нежити. Основано на популярном клипе Майнкрафт 2012 года от Captain Sparkle",KrecbackPlay,KrecbackPlay,-4600,-2300,300,-583,-285,03.07.2022,ИСТИНА
ОПБ,"Организация против 
банд.",ProstoSlogno,ProstoSlogno,-3254,9086,2000,-402,1137,19.02.2024,ЛОЖЬ
KKayfoGrad,кайфоград,____Tipo____Star,____Tipo____Star,4128,-1456,256,527,-181,11.01.2025,ИСТИНА
Даларан,"Город из игры World of Warcraft. Город магов, расположенный на летающем острове",phamp_,phamp_,4000,4000,2000,500,500,03.06.2022,ЛОЖЬ
42 city,город хайпа,uzhbek,uzhbek,-16996,-2708,1000,-2129,-353,23.01.2025,ЛОЖЬ
Нонхейм,Хайп и кайф,_Ye11owBox_,_Ye11owBox_,800,-6300,1000,100,-800,03.06.2022,ЛОЖЬ
GASCO?NE,"Уютный горный городок, в доль реки.",kogtyv,kogtyv,-20206,1904,2000,-2525,238,02.03.2025,ЛОЖЬ
Swag,,3yMep,3yMep,-13960,-16950,1400,-1745,-2118,13.04.2024,ИСТИНА
Мейнтекри,,apchitik,apchitik,-9413,-104,1200,-1180,-14,02.02.2024,ЛОЖЬ
Амбенн,Фентези город в стиле книг Толкина.,Lotli,Lotli,15000,13800,1200,1875,1625,10.12.2023,ЛОЖЬ
Фаве,2-ой район Амбенна,Nomer82,Nomer82,13200,14400,600,1650,1800,28.12.2023,ЛОЖЬ
Venitta,Город расположенный в море,Lehichs,Lehichs,12278,-20030,1500,1534,-2500,25.01.2025,ЛОЖЬ
Нямко,,puzatik,puzatik,3300,13200,2000,355,1682,31.08.2023,ИСТИНА
SCP SP | Зона 37,Территория SCP SP №37,PLacidLamb,PLacidLamb,-8550,3670,470,-1060,458,24.10.2024,ИСТИНА
XP?H?C,"XP?H?C - мелкий посёлок, который в один момент из-за неизвестной аномалии в небе, древние машины, руины почившей цивилизации и металлические конструкции слились с округой тихой деревушки. Жители стали приспосабливаться к новой жизни среди новых технологий, не отступая от традиций своей былой жизни.",_Academic,_Academic,16755,-2547,900,2100,-315,16.07.2023,ИСТИНА
SCP SP | Зона 71,Территория SCP SP №71,Lipkeey,Lipkeey,8000,12300,1300,500,1500,11.06.2022,ЛОЖЬ
SCP SP | Ядерная Пустошь,"Территория SCP SP ""Ядерная Пустошь""",Rohanov,Rohanov,2852,10482,1500,363,1305,11.06.2022,ИСТИНА
Склад снюса,,Gayming_Rusik_YT,Gayming_Rusik_YT,-2100,-11100,400,-275,-1400,13.08.2022,ИСТИНА
Нефтеград,Нефтевышка в океане,Bananious,Bananious,471,-26867,2000,52,3350,02.11.2024,ИСТИНА
SnowLand,Снежный город,Ckrasti_,Ckrasti_,4397,-30465,1100,549,-3808,21.04.2024,ЛОЖЬ
Афины,"Поселение в стилистике античной Греции, находящееся на отшибе вселенной ",DisconnectM,DisconnectM,-12937,2061,2000,-1631,246,10.06.2022,ИСТИНА
ПБР,Плюшевое Бюро расследований,JustPinkAzure,JustPinkAzure,11160,780,500,1400,105,14.07.2023,ИСТИНА
"Колония ""B.C.243.a""","Масштабный город в стиле «Футуризм», с прописанным лором и большими планами.",Mr_Zabeiaka,Mr_Zabeiaka,-6530,-6200,2000,-814,-776,03.06.2022,ИСТИНА
Бездна,Город Подземных Котов,fliri_lime,fliri_lime,11430,-4000,500,1400,-732,21.12.2023,ИСТИНА
Макси Сити,"Здесь снимаются фильмы поэтому смешались множество стилей. От америки до фэнтези. 
Для вступление дс: goldterby_official",GoldTerby,GoldTerby,13327,3340,700,1633,447,05.03.2025,ЛОЖЬ
Техноград,Город в стиле Киберпанка,Kvakins,Kvakins,-8071,-12416,2000,-1010,-1552,05.03.2025,ИСТИНА
Генштаб,,cuteshamilik,cuteshamilik,-1054,-9487,1500,-140,-1177,01.03.2024,ИСТИНА
Недострой,,SHAMKOV,SHAMKOV,5320,5100,600,637,612,05.03.2025,ЛОЖЬ
Комиссариат Вооруженных Сил Коалиции Реверан Зеро,"РЗеро, это край чудес, зашел туда и там изчез.",SinyorBlin,SinyorBlin,-9000,0,2000,-1030,150,03.06.2022,ИСТИНА
Эмпайр-Бэй,"Город в стиле Америки 40'х годов, в расцвет джаза, романтизированной преступности и бутлегерства. ",MrZons,MrZons,3500,2200,2000,410,250,14.06.2022,ИСТИНА
Строилкинсы,Подземный город строителей,BrinyPiny,BrinyPiny,24451,-14801,1000,3044,-1850,27.08.2023,ИСТИНА
FireCity,"FireCity это город, живший в прошлом на песках, превратившийся в прекрасный и богатый город из-за своей интересной истории. Стиль Дубай. Наша цель - роскош и комфорт",Verbluyzhonok,Verbluyzhonok,0,2000,спор,-71,276,03.06.2022,ИСТИНА
Такахули,"Город полностью серьезный, инициатива класс, город шахтеров, дровосеков и других профессий людей, которые получают зарплату раз в год ввиде водки. Работа без зп - это по мужски. Ну а хули - Такахули!",Shanir,Shanir,3000,5000,2000,191,640,03.06.2022,ЛОЖЬ
DeadWood,"Классический провинциальный город второй половины XIX века, юго-запада США. Жителей города не особо волнует приблежение и так идущей по пятам, цивилизации и последствий которая она несет за собой.",Bothsman,Bothsman,-13430,350,1000,-1680,30,03.06.2022,ИСТИНА
BlackCloverCity,Восходящий темный расвет,lonelyRouse,lonelyRouse,-848,-18276,2000,-112,-2280,16.01.2023,ИСТИНА
Мультикор,Яркий город в стилистике футуризма и фэнтези. Главная особенность дизайна - разнообразный градиент на крышах. ,Katyu6ka,Katyu6ka,1840,7725,1000,232,974,03.06.2022,ИСТИНА
P2P ХОТСТЕРЫ,P2P ХОТСТЕРЫ АРБИТРАЖ,"APTEMKA_TAHKUCT, 63ESOMI","APTEMKA_TAHKUCT, 63ESOMI",773,6286,1250,104,777,08.03.2025,ИСТИНА
Каэр Морхен,Ведьмачья твердыня,Fractalio,Fractalio,-3400,2768,1000,-425,344,03.06.2022,ЛОЖЬ
Череватовск,"Город с большими планами на СП5. Смешанная архитектура, несколько районов.",_magazova_,_magazova_,1790,-4692,1000,235,-570,05.08.2022,ЛОЖЬ
Полис,Город по вселенной Метро 2033,Radiograf,Radiograf,3500,200,1500,430,30,03.06.2022,ИСТИНА
Мидденхейм,"Город бэбр,сбежавших от Адольфа-бебры, ну тут могут жить кто хочет, Архитектура города:хайтек, киберпанк2099 и брутализм( ну короче да,хайпарик",Kulich228ProChea,Kulich228ProChea,-13437,2626,1500,-1671,324,06.08.2022,ИСТИНА
База Древсити,Просто база Древсити хайповая,Satyuilo,Satyuilo,5600,8800,1500,700,1117,05.06.2022,ЛОЖЬ
Ушкотопия,Территория под город.,Zimper,Zimper,-27123,969,1500,-3399,176,26.01.2024,ИСТИНА
Инсар,"Инсар - очень дружелюбный и атмосферный город в стиле стимпанк. Здесь ты можешь познакомиться с новыми друзьями и приятелями, побывать на огромных летающих кораблях, свысока рассмотреть красоты этого дивного места и просто хорошо провести время!",LifeEgor,LifeEgor,1760,345,2000,222,45,03.06.2022,ИСТИНА
 Припять,Не заброшенный крутой город,MaxximusRUS,MaxximusRUS,-854,-5517,1000,125,-672,09.03.2025,ИСТИНА
база крутая,крутая база вместе с морфлингом,Yeschapskii_,Yeschapskii_,6100,-23000,500,762,-2875,09.03.2025,ЛОЖЬ
Древсити,Город в стиле Венеции.,Satyuilo,Satyuilo,3970,10104,500,505,1272,24.02.2023,ИСТИНА
Сёгунат,Город торговли и капитализма,frklk,frklk,0,5850,500,5,731,03.06.2022,ЛОЖЬ
Трианта,,MrShow_,MrShow_,1032,-7997,500,149,-987,13.02.2023,ЛОЖЬ
карьер 34,бывает тут всякое,unwillq,unwillq,8400,-13140,2000,1040,-1610,28.11.2024,ЛОЖЬ
Пельмень?,C майнезом?,Jeleiaka,Jeleiaka,-8750,7480,750,-1100,929,04.06.2022,ИСТИНА
Агина,Город друзей с определенной тематикой,MericCartman,MericCartman,-2383,3191,1000,-300,340,07.06.2022,ЛОЖЬ
БравлТаун,БравлТаун это самый крутой город для самых крутых бравлеров!!!,HuggyVanya,HuggyVanya,-1715,19519,2000,-194,-2434,03.12.2023,ИСТИНА
Неомерика,Расширяем территории за счет Афганистанских деревень,Nebeta,Nebeta,4105,-5732,1000,487,-525,24.08.2023,ЛОЖЬ
XII Legion,Пиццебашня XII,VadimZalipaet,5opka,6227,-5000,200,784,-624,21.02.2025,ИСТИНА
Тайпока,"Город построен в стиле Звездных Войн и одноимённого плавучего города с планеты Камино. Здесь проходят РП ивенты, находится база элитных клонов из 501-го легиона.",DaLiner,DaLiner,5588,875,650,685,106,03.06.2022,ИСТИНА
Лесной Посёлок,Дискорд Посёлка: https://discord.gg/u88Gvma2cG,LegoManchik,LegoManchik,7156,13471,1000,878,1699,02.09.2022,ЛОЖЬ
Judgement,"Город с самыми опытными строителями, разными тематиками районов на любой вкус, добрыми и общительными людьми.",Bliss_Orendeel,Bliss_Orendeel,-2000,8000,1000,-245,1000,03.06.2022,ЛОЖЬ
"Супер-Дупер Сверх
Секретная база Орде
на Реальности",После инцидента с СП5 - мы решили основать специализированную организацию по защите и сохранению Вселенной,SuperMineHahahha,SuperMineHahahha,-19500,4800,2000,-2433,595,13.02.2023,ИСТИНА
Lost-Heaven,,Lupo_Cattivo,Lupo_Cattivo,-1767,473,2000,-215,70,20.02.2023,ИСТИНА
VirysLend,,Apilka,Apilka,37,-37486,2000,4,-4686,25.02.2024,ИСТИНА
Глэкфорд,Топовый город,UJIFER92kB,UJIFER92kB,6504,-11429,500,815,-1430,26.01.2025,ЛОЖЬ
Прыград,Прыград - город паркура и ивентов. Тематика классического средневековья с рыцарями. Символика города - лягушки,S_Zombie_S,S_Zombie_S,6200,8350,2000,750,750,04.06.2022,ИСТИНА
Империал,,KrabiKark,KrabiKark,1037,13484,2000,-117,1693,19.02.2023,ИСТИНА
Вайтомо,"Небольшой город с большой историей. Огромная пещера, с приятными игроками, готовые исполнить свои мечты.",kAmEnNiY,kAmEnNiY,-1485,11600,2000,-170,-1434,19.03.2023,ИСТИНА
Несо,Город,kAmEnNiY,kAmEnNiY,-1100,-11600,2000,-148,-1462,28.10.2023,ИСТИНА
Вечная мерзлота,"Время остановилось, лед поглотил всё, но идея продолжит существовать!",wolfifurr,wolfifurr,-2156,-6508,1000,-269,-807,04.06.2022,ЛОЖЬ
Вельти,Уютный городок в европейском стиле. Здесь любят пчёл,kriin_,kriin_,-491,5952,350,-72,740,14.06.2022,ИСТИНА
Резиденция культуры,Официальный город театра СП,Mr_lexandse,Mr_lexandse,24815,5265,700,3097,644,25.07.2023,ЛОЖЬ
Верден,Красивейший город в стиле классицизма.,Jabochca_UwU,Jabochca_UwU,1703,2798,2000,212,358,03.06.2022,ИСТИНА
?ДВОРЕЦ ИМПЕРАТОРА?,Столица империума человечества,Nezerit,Nezerit,-1650,7700,2000,-216,870,15.03.2023,ИСТИНА
Лоуленд,Долина среди снежных гор.,IIIyt,IIIyt,4900,-4000,1000,630,-500,20.06.2022,ЛОЖЬ
Иерихон,Город Иерихон представляет собой большой город порт который создан для отогрышей рп,"Qugerts_, SnKrsss, OriginalTric","Qugerts_, SnKrsss, OriginalTric",13012,-1515,1000,1620,-190,03.06.2022,ЛОЖЬ
Дурабейз 2.0,Хайповая база,dyrachito,dyrachito,4301,-14631,500,537,-1828,06.04.2024,ЛОЖЬ
Ковчег,,Enotis_,Enotis_,-1320,-4056,2000,-165,-507,03.06.2022,ИСТИНА
Murasaki (?),"Пристанище Архонтов, город объединяющий в себе японскую стилистику и готическую архитектуру. Расположен на горном хребте Кисо (??), рядом с  священной горой Хакусан (??) на полуострове, который омывается теплым морем.",Cinqle,Cinqle,-11400,11600,2000,-1434,1494,07.06.2022,ИСТИНА
Айкон,"Айкон - это американский город начала XXI века. В городе кишит преступность и многие районы города находятся под их контролем. Гражданам остаётся только рассчитывать на городскую полицию, которая долгие годы пытается взять город в ежовые рукавицы. Город основан по мотивам игры ""Lego City Undercover""",Amm0LiT,Amm0LiT,6400,-9300,1000,820,-1240,11.06.2022,ИСТИНА
Малпас ,,Wirevor_BSODA,Wirevor_BSODA,-13559,7954,1000,-1698,995,16.04.2024,ЛОЖЬ
Чивапчичи,Санаторий для отдыха психбольных,0Topuuuu,0Topuuuu,15717,6028,2000,1968,752,11.06.2023,ИСТИНА
Нефтекунск,Город в стиле ретровейв,Slaffneft,Slaffneft,1978,4342,2000,246,530,03.06.2022,ИСТИНА
Лесопилка синяя 200,"Территория некогда принадлежащая 
MostCRAZYvan и заб-
рошенная и передо-
ваемая из рук в руки",_ldfx_,_ldfx_,-1546,-176,1100,-200,-14,13.03.2025,ЛОЖЬ
Shulk,,IPremsisBayI,IPremsisBayI,-10437,-4849,400,-1319,-607,02.09.2022,ЛОЖЬ
"Некрополис
Подземный город","Некрополис - город мертвых, под покровительством Барона Субботы и Мамы Бриджит. Сюда приходят отдыхать после людской жизни зажиточные аристократы, а храбрые воины садятся за стол, пировать после славной битвы. Мы нуждаемся в ваших. могилах. По поводу размещения надгробий писать DedInsider или Motoriya. Лягут все",Motoriya,Motoriya,4800,-4900,1000,600,-620,03.06.2022,ИСТИНА
Фраймонд-сити,Город высоких технологий Фраймонд-сити.,hokosoon,hokosoon,-1168,-7450,1000,-146,-888,03.06.2022,ИСТИНА
Город Уродов,"Город Уродов - город с огромной историей, приютивший самых отчаившихся и опустивших руки людей с осбенностями внешности.",MishaDesinov,MishaDesinov,-7400,2300,500,-950,300,22.06.2022,ИСТИНА
Мурмург,Настоящий город кошек,_MaD_CaT_,_MaD_CaT_,-2216,688,128,-275,76,13.03.2025,ЛОЖЬ
Храм Пустоты,Ржомба город культ да,CyberKpblsa,CyberKpblsa,34100,-7250,2000,4263,-886,18.10.2024,ЛОЖЬ
Ереван,Город общения и друзей с интересной архитектурой,Figovy,Figovy,-350,16000,2000,-50,2000,06.10.2022,ИСТИНА
Шердвиль,В городе находятся уникальные кристальные шахты в которых можно раслабиться .Город построен в стилистике средневековья + немного индустриализма.,Famil,Famil,10580,2280,2000,1342,285,06.06.2022,ЛОЖЬ
Фаршмак сквад,,Pankyss,Pankyss,3800,4700,1000,475,512,13.03.2025,ИСТИНА
Озборн-Каас,Столица Империи Ситхов. Город вдохновлён игрой SWTOR,OZZY_OZBOURNE,OZZY_OZBOURNE,-11500,-10500,1000,-1437,-1235,14.03.2025,ИСТИНА
Vinland," - Далеко на Западе, за морем, лежит земля, имя которой - Винланд. Она тепла и плодородна. Ни работорговли, ни войн там нет. Далёкая земля. Там бы тебя никто не преследовал.
 - А она вообще... существует?",Ustaz1505,Ustaz1505,14400,11120,650,1825,1390,14.03.2025,ИСТИНА
СИТИ-17,,Rohanov,Rohanov,16217,25595,2000,2027,3074,14.03.2025,ЛОЖЬ
Berner Stadt,"Berner Stadt (Город Берн) - это уютный городок в стиле Швейцарии 20-го века. Красивые улицы, роскошные сады и изящные здания - всё это здесь.",Graf_Holdfen,Graf_Holdfen,4419,1528,1600,550,191,03.06.2022,ЛОЖЬ
Траходром,Самая базированная база на всем сп,TonyBunGas,TonyBunGas,-7500,-15300,700,-839,-1919,14.03.2025,ЛОЖЬ
Фишбург,"Город для настоящих искателей приключений,если ты всегда жаждал стать частью пиратской команды то тебе к нам!",Strogo_Tilt,Strogo_Tilt,-15343,495,2000,-1925,52,24.06.2023,ИСТИНА
Дальний Татуин,"Город, выполненный в стиле оригинальной планеты Татуин.",Juzzoo_,Juzzoo_,10771,-12125,750,1353,-1522,14.06.2022,ИСТИНА
Хайграунд,"Морской футуристический город, с уникальной стилистикой",_Der1se_,_Der1se_,-5900,3800,2000,-720,375,03.06.2022,ИСТИНА
Твинс,,_Tw1n,_Tw1n,8296,13222,2000,1031,1683,08.06.2022,ИСТИНА
Гринтек,"""Город в стиле гринпанк, с живописными парками и озерами, красивыми лесами и горами. Здесь возможно все!""",Lurr1k,Lurr1k,-2046,20434,2000,-258,2555,14.03.2025,ЛОЖЬ
Трард,,Lelush_Hogwarts,Lelush_Hogwarts,2000,-2000,2000,222,-227,14.03.2025,ЛОЖЬ
Equestria,"Одиночество заключается вовсе не в том, что никого нет рядом, суть его в невозможности донести до других то, что тебе представляется важным, или отсутствии единомышленников. Знающий больше других всегда остается одиноким. Тем не менее одиночество вовсе не исключает общения, ибо никто так не нуждается в общении, как одинокий человек, причем общение приносит плоды именно там, где каждый помнит о своей индивидуальности, не идентифицируя себя с другими.",_Dimaty_,_Dimaty_,21300,35500,2000,2792,4537,19.12.2024,ЛОЖЬ
Шушары,Постсоветское пространство с ориентиром на 200Х года,C0RQI,C0RQI,-980,5400,400,-123,674,06.06.2024,ИСТИНА
Эльфейм,Разьеб. Город топ вступайте). Здесь живет Лера Фовна,lIl_Kuzi,lIl_Kuzi,-1332,-838,320,-160,-100,22.05.2024,ЛОЖЬ
Территория _Kaunt,"ДнД зона клуба Шест Рыболовства
",_Kaunt,_Kaunt,2800,4500,1000,350,555,03.06.2022,ИСТИНА
Green Hills,Город Соник,S0undt3st,S0undt3st,-6712,-15933,500,837,-1991,19.03.2025,ИСТИНА
Подкачайск,Жирный уебан,Onfi_,Onfi_,-9256,420,500,-1159,52,19.03.2025,ЛОЖЬ
Охуэлос,,Catogg_,Catogg_,3980,17075,1500,500,2130,07.10.2022,ЛОЖЬ
Терра мономри,,monomri,monomri,-20000,10000,2000,-2500,1250,22.03.2025,ЛОЖЬ
Яоймото,,NastyaPro2008,NastyaPro2008,-8985,-1732,600,-1132,-318,23.03.2025,ЛОЖЬ
Чиллен,Чиллен - город абсолютного зачилла.,Mortemi,Mortemi,20105,-5463,500,2515,-683,25.03.2025,ЛОЖЬ
Свастонград,Центр производства ядерного калла,Serpow,Serpow,-9450,32000,1250,-1231,4000,28.03.2025,ЛОЖЬ
Амнямград,"rАмнямград - это чарующий город с уникальной атмосферой, расположенный среди холмов. Крутое описание?",vozhak,vozhak,4600,-7800,400,596,-984,28.03.2025,ЛОЖЬ
ХУИТЕНЬ,ЕБНУТАЯ ХУЙНЯ,XYUH9I,XYUH9I,-23,3967,300,-16,485,29.03.2025,ЛОЖЬ
КотиДоми,Город с кошачьими домиками из ирл,AndreykaBurka,AndreykaBurka,-4252,752,350,-517,93,30.03.2025,ЛОЖЬ
Геленджик,Город в стилистике СССР - Sci fi,5opka,5opka,-6020,7350,1000,-740,900,12.07.2022,ЛОЖЬ
Альбион,Тихий пригород Лондона 20 -21 века. Известен своим большим и необъятным м.,5opka,5opka,7044,12208,500,875,1523,13.04.2024,ЛОЖЬ
Rosa,"Красивый, небольшой город одноимённой организации ""Rosa""",5opka,5opka,-400,-8000,350,-48,-996,06.01.2023,ЛОЖЬ
База Yor1nn,Остров пиратиков и драконов,5opka,5opka,-19246,-2015,1000,-2400,-400,09.10.2022,ЛОЖЬ
база Ra1ZZZeN,Город в стиле Германии,5opka,5opka,-17773,-5324,1000,-2222,-666,28.02.2023,ЛОЖЬ
НАХОДКА,,5opka,5opka,-300,-7300,300,-37,-918,08.03.2024,ЛОЖЬ
С ЗОМБИБВЕ С,,5opka,5opka,7279,9815,300,910,1217,08.03.2024,ЛОЖЬ
Грибная Трубка,Стоим на грибном острове в форме трубки ^^:3,Arfelias,Arfelias,-9000,-35500,2000,-1125,-4470,31.03.2025,ЛОЖЬ
залупачка,залупачес,SeyFox_L0ver,SeyFox_L0ver,11088,7817,1250,1385,966,11.04.2025,ЛОЖЬ
Яхтинск,"Город, который состоит из яхт! Любовь к морю, яхтам и свежему воздуху создала его",xeve9,xeve9,-1111,11400,1000,138,1554,14.04.2025,ЛОЖЬ
Dequa,*тут пусто*,Ap5ent,Ap5ent,16000,-1251,1000,2011,-156,14.04.2025,ЛОЖЬ
ПРОСТРАНСТВО  ЙОУ,Пространство с кубами,ThePristol,ThePristol,10470,-782,1000,1320,-100,14.04.2025,ЛОЖЬ
ImpCity,база импов для крутых ивентов,kabodua,kabodua,-2000,-16000,1250,-250,-2008,14.04.2025,ИСТИНА
Catbox,анархо-город,rxndr,rxndr,3134,-4303,200,399,-531,16.04.2025,ЛОЖЬ
Культ Омега,Культ,Riktori,Riktori,8082,-5698,1000,950,-613,18.04.2025,ИСТИНА
город жоперов,Реально?дабл Ар,Aboldui,Aboldui,9867,6491,1500,1233,838,22.04.2025,ЛОЖЬ
Тайтон,"Город в стиле ""Звёздные войны"" Планета на которой появились первые джедаи и так же здесь основали ""Орден джедаев""",_Koja,_Koja,1000,28500,1000,125,3560,06.05.2024,ЛОЖЬ
Гильдия артоделов,Запреточка,Nemo_Andrusha07,Nemo_Andrusha07,595,8470,250,74,1058,23.04.2025,ЛОЖЬ
Гаулиц,Место реальных гениев,deniskamt,deniskamt,-11300,9610,1000,-1430,1190,23.04.2025,ЛОЖЬ
КСЕПОМСКАЯ ИМПЕРИЯ,БЛА БЛА БЛА БЛА БЛЕ БЛЕ БЛЕ БЛЮ БЛЮ БЛЮ,XEPOM,XEPOM,1418,11053,700,170,1389,25.04.2025,ИСТИНА
КОЛБАСА,ААААААААААААААААААААААААААААААААААААААААААААААААААААААААААААААААААААААААААААААААААААААААААААААААААААААААААААААААААААААААААААААААААААААААААААААААААААААААААААААААААААААААААААААААААААА,CHUGUN53,CHUGUN53,3841,11028,512,482,1376,25.04.2025,ЛОЖЬ
Нефилим,Мистический уютный городок,Septole,Septole,647,35037,1500,80,4379,27.04.2025,ЛОЖЬ
XII Legion,Пиццебашня XII,Sicilian_Shooter,Sicilian_Shooter,6227,-5000,200,784,-624,27.04.2025,ЛОЖЬ
Бордер-Бей,Город заточенный для рп,Nyc_Nerecurcniy,Nyc_Nerecurcniy,-12202,-3761,600,-1572,-460,28.04.2025,ЛОЖЬ
MidMarket,-,Maidons,Maidons,-172,-2368,320,-31,-300,01.05.2025,ИСТИНА
Otso City,Cтолица страны.,psina_sytylaya,psina_sytylaya,-15,3990,2000,5,512,08.05.2025,ЛОЖЬ
Моряковский Затон,"Активно развивающийся ПГТ.
Стиль - Россия",MrKefish,MrKefish,-6100,17000,1500,-762,2125,09.05.2025,ЛОЖЬ
MidMarket,-,Maidons,Maidons,647,-31912,320,80,-3990,09.05.2025,ЛОЖЬ
ZAVOZ,Город завоза и хайпа,Aventadorr_,krolvech,10458,8509,1000,1312,1061,11.05.2025,ЛОЖЬ
Новелларис,"Новелларис - город звёзд. Высоко в небесах, среди мерцающих туманностей и плывущих островов, парит Новелларис",nomeckfessel,nomeckfessel,1032,11484,1500,124,1435,11.05.2025,ЛОЖЬ
АМТ,"Братишка, это тебе не московская шпана, понял, или не басота с питера...Жизнь борцам, вечная",blsssd_yoshimura,blsssd_yoshimura,-5400,-700,52,-691,-77,12.05.2025,ИСТИНА
